,1200,1200,1200,1200,default,impl3-p,impl3-p-a3,impl3-p-a3-th2
001/i300_1.plc, 4.64685845375061, 4.107619047164917, 3.65083646774292, 3.615002393722534
001/i300_2.plc, 4.5973780155181885, 4.589055776596069, 4.312887668609619, 4.1531982421875
001/i300_3.plc, 4.979635953903198, 4.8227620124816895, 4.404537916183472, 4.364120960235596
001/i300_4.plc, 8.114687442779541, 7.786394119262695, 7.1502063274383545, 7.081944465637207
001/i300_5.plc, 5.6048619747161865, 4.5584046840667725, 4.1111650466918945, 4.131048202514648
001/i300_6.plc, 5.062835693359375, 5.086641311645508, 4.562542200088501, 4.55403995513916
001/i300_7.plc, 5.328273773193359, 4.875259876251221, 4.4308202266693115, 4.41166615486145
001/i300_8.plc, 5.1709771156311035, 5.253455400466919, 4.676140308380127, 4.70893931388855
001/i300_9.plc, 5.222028017044067, 4.4801177978515625, 4.003980875015259, 3.9897971153259277
001/i300_10.plc, 4.587387323379517, 4.986871242523193, 4.485293388366699, 4.439822435379028
001/i300_11.plc, 5.135996341705322, 4.800061225891113, 4.3353431224823, 4.3290112018585205
001/i300_12.plc, 5.213924884796143, 4.724386692047119, 4.4355621337890625, 4.2828333377838135
001/i300_13.plc, 4.7937703132629395, 4.389294385910034, 4.0113914012908936, 3.9952268600463867
001/i300_14.plc, 4.073821544647217, 4.223024129867554, 3.9186434745788574, 3.8304531574249268
001/i300_15.plc, 4.639678239822388, 3.8390116691589355, 3.4525797367095947, 3.3733224868774414
001/i300_16.plc, 4.197993040084839, 4.856745958328247, 4.410719394683838, 4.354442834854126
001/i300_17.plc, 5.0553083419799805, 4.58992075920105, 4.155856609344482, 4.138818979263306
001/i300_18.plc, 5.980740785598755, 4.686537504196167, 4.2597267627716064, 4.191052675247192
001/i300_19.plc, 4.290728807449341, 4.071805000305176, 3.5623700618743896, 3.5738089084625244
001/i300_20.plc, 5.922814846038818, 4.699789524078369, 4.236835956573486, 4.223185062408447
001/Avg time, 5.130985045433045, 4.771357905864716, 4.328371953964234, 4.2870867371559145
001/Med time, 5.059072017669678, 4.693163514137268, 4.286307215690613, 4.20711886882782
001/Max time, 8.114687442779541, 7.786394119262695, 7.1502063274383545, 7.081944465637207
010/i300_1.plc, inf, 8.21904993057251, 7.744103908538818, 7.287825107574463
010/i300_2.plc, 52.051785707473755, 10.884141206741333, 9.849645853042603, 10.437188148498535
010/i300_3.plc, 4.974770545959473, 5.048609972000122, 4.554814100265503, 4.662704944610596
010/i300_4.plc, 19.064215660095215, 10.687325954437256, 9.858818292617798, 10.584757328033447
010/i300_5.plc, 5.536062479019165, 4.792699337005615, 4.3175835609436035, 4.548365831375122
010/i300_6.plc, 13.649738073348999, 6.857046365737915, 6.092949867248535, 6.162639856338501
010/i300_7.plc, 17.43515658378601, 8.115367412567139, 7.1912431716918945, 7.1521594524383545
010/i300_8.plc, 6.025403022766113, 5.512380838394165, 4.935478210449219, 5.114383220672607
010/i300_9.plc, 16.471654415130615, 7.13333535194397, 6.477421760559082, 6.367354393005371
010/i300_10.plc, 12.41567087173462, 6.102436780929565, 5.411734342575073, 5.713994026184082
010/i300_11.plc, 15.062971353530884, 5.728309869766235, 5.191511154174805, 5.630218744277954
010/i300_12.plc, 17.199785947799683, 7.430513381958008, 6.948995590209961, 6.889378547668457
010/i300_13.plc, inf, 19.908344984054565, 18.82012391090393, 18.952631950378418
010/i300_14.plc, 11.208557367324829, 6.1116042137146, 5.58037805557251, 5.749135255813599
010/i300_15.plc, 11.785559177398682, 5.079935073852539, 4.5026140213012695, 4.62062931060791
010/i300_16.plc, inf, 9.466614007949829, 8.676344871520996, 8.838369607925415
010/i300_17.plc, 5.202005863189697, 4.860452890396118, 4.379037618637085, 4.485827684402466
010/i300_18.plc, 116.93168759346008, 14.722900152206421, 13.079863548278809, 13.371350526809692
010/i300_19.plc, 8.540174722671509, 5.200317621231079, 4.657013177871704, 4.806855916976929
010/i300_20.plc, 54.97385215759277, 12.097186803817749, 10.520521879196167, 11.571462154388428
010/Avg time, 37.426452577114105, 8.197928607463837, 7.439509844779968, 7.647361600399018
010/Med time, 15.76731288433075, 6.995190858840942, 6.285185813903809, 6.264997124671936
010/Max time, inf, 19.908344984054565, 18.82012391090393, 18.952631950378418
011/i300_1.plc, 58.17473483085632, 5.950780630111694, 5.488237619400024, 5.405236482620239
011/i300_2.plc, 5.856589317321777, 4.8879148960113525, 4.577139854431152, 4.4127678871154785
011/i300_3.plc, 5.495900630950928, 4.837388753890991, 4.73147439956665, 4.6354005336761475
011/i300_4.plc, 8.28095030784607, 7.986640453338623, 7.420533895492554, 7.2887725830078125
011/i300_5.plc, 48.49838209152222, 10.01657247543335, 9.613072872161865, 9.580598592758179
011/i300_6.plc, 5.562389612197876, 5.327705383300781, 4.981419086456299, 4.820857286453247
011/i300_7.plc, 5.797633647918701, 4.975537061691284, 4.742491245269775, 4.681872606277466
011/i300_8.plc, 6.340961694717407, 5.328103065490723, 5.07428503036499, 4.980793476104736
011/i300_9.plc, 18.23163676261902, 6.570984601974487, 6.519171714782715, 6.342114448547363
011/i300_10.plc, 5.043026685714722, 5.185773849487305, 4.8925864696502686, 4.743347406387329
011/i300_11.plc, 5.523766994476318, 4.9657206535339355, 4.8056323528289795, 4.695116996765137
011/i300_12.plc, 5.1123270988464355, 4.9561448097229, 4.806455373764038, 4.63510799407959
011/i300_13.plc, 5.226497650146484, 4.6929051876068115, 4.449429512023926, 4.331029176712036
011/i300_14.plc, 16.570300579071045, 5.293847560882568, 4.994302034378052, 4.901266574859619
011/i300_15.plc, 4.545166969299316, 4.087526798248291, 3.851093053817749, 3.695509910583496
011/i300_16.plc, 5.4195475578308105, 4.9137122631073, 4.695742130279541, 4.623024225234985
011/i300_17.plc, inf, 11.15600872039795, 12.60521650314331, 12.435210704803467
011/i300_18.plc, 5.242916107177734, 4.884122848510742, 4.710301160812378, 4.589302062988281
011/i300_19.plc, 25.719406604766846, 5.147610664367676, 4.854383707046509, 4.645562171936035
011/i300_20.plc, 53.63732028007507, 7.954945802688599, 6.650740146636963, 6.579781770706177
011/Avg time, 20.713972771167754, 5.955997323989868, 5.723185408115387, 5.601133644580841
011/Med time, 5.827111482620239, 5.16669225692749, 4.873485088348389, 4.719232201576233
011/Max time, inf, 11.15600872039795, 12.60521650314331, 12.435210704803467
012/i300_1.plc, 4.5493950843811035, 4.1439385414123535, 3.9405641555786133, 3.8845326900482178
012/i300_2.plc, 6.417930603027344, 4.690006971359253, 4.455481767654419, 4.399050951004028
012/i300_3.plc, inf, 5.700697422027588, 5.4822468757629395, 5.415852069854736
012/i300_4.plc, 33.10061717033386, 12.473297595977783, 10.112416505813599, 9.93584156036377
012/i300_5.plc, 43.32604718208313, 5.827828884124756, 5.528355598449707, 5.468730211257935
012/i300_6.plc, 5.362026691436768, 5.327247381210327, 4.971079587936401, 4.847914457321167
012/i300_7.plc, 44.190956592559814, 6.171087265014648, 5.939851760864258, 5.787461996078491
012/i300_8.plc, 18.761781454086304, 6.556839466094971, 6.280969619750977, 6.219469785690308
012/i300_9.plc, 5.491331577301025, 4.536656618118286, 4.360805034637451, 4.274030923843384
012/i300_10.plc, 5.097769260406494, 4.924813747406006, 4.701006650924683, 4.638260364532471
012/i300_11.plc, 37.39373159408569, 8.221205472946167, 7.954874753952026, 7.834442138671875
012/i300_12.plc, 5.569267749786377, 4.957654714584351, 4.73099684715271, 4.633457660675049
012/i300_13.plc, 4.4435460567474365, 4.651829481124878, 4.308024883270264, 4.229288578033447
012/i300_14.plc, 4.416204929351807, 4.507215261459351, 4.265843868255615, 4.119973659515381
012/i300_15.plc, 13.30492901802063, 4.949448347091675, 4.647203683853149, 4.619930028915405
012/i300_16.plc, inf, 5.345604658126831, 5.025559186935425, 4.970332384109497
012/i300_17.plc, 107.4121949672699, 5.730061292648315, 5.3934314250946045, 5.263922214508057
012/i300_18.plc, 30.698224782943726, 5.640813827514648, 5.304642677307129, 5.174723148345947
012/i300_19.plc, 4.2672412395477295, 4.028864622116089, 3.8481626510620117, 3.801368474960327
012/i300_20.plc, 22.52326726913452, 6.047117471694946, 5.763933181762695, 5.60479998588562
012/Avg time, 31.816323161125183, 5.721611452102661, 5.3507725358009335, 5.256169164180756
012/Med time, 16.033355236053467, 5.336426019668579, 4.998319387435913, 4.909123420715332
012/Max time, inf, 12.473297595977783, 10.112416505813599, 9.93584156036377
021/i300_1.plc, 4.422441244125366, 4.157435655593872, 3.9789037704467773, 3.8928401470184326
021/i300_2.plc, 20.080801486968994, 6.997835397720337, 6.246793985366821, 6.121387243270874
021/i300_3.plc, 5.455272197723389, 5.082300424575806, 4.799511909484863, 4.638605833053589
021/i300_4.plc, 8.515041828155518, 7.678821563720703, 7.159930467605591, 7.415130138397217
021/i300_5.plc, 6.0495076179504395, 4.672516107559204, 4.440608501434326, 4.396108865737915
021/i300_6.plc, inf, 5.407738208770752, 5.065366744995117, 5.021169185638428
021/i300_7.plc, 5.054295301437378, 5.039975166320801, 4.563088893890381, 4.775034427642822
021/i300_8.plc, 6.8281090259552, 5.430359125137329, 4.859923601150513, 5.097720146179199
021/i300_9.plc, 14.837960243225098, 6.557635068893433, 6.218218564987183, 6.163960933685303
021/i300_10.plc, 77.63394069671631, 8.035547971725464, 7.650330305099487, 7.458987236022949
021/i300_11.plc, 5.5466296672821045, 4.972901344299316, 4.537755727767944, 4.7086708545684814
021/i300_12.plc, 30.58434534072876, 7.302595853805542, 6.774364948272705, 6.733259439468384
021/i300_13.plc, inf, 27.889721393585205, 26.833933353424072, 26.732706546783447
021/i300_14.plc, 35.24106001853943, 5.234014511108398, 4.792057991027832, 4.91341233253479
021/i300_15.plc, 6.508326292037964, 5.019927263259888, 4.722556114196777, 4.554382562637329
021/i300_16.plc, inf, 9.956783533096313, 9.17030644416809, 9.11837124824524
021/i300_17.plc, 16.211257696151733, 5.091187953948975, 4.606899261474609, 4.802811145782471
021/i300_18.plc, 5.264587163925171, 4.74970269203186, 4.507829189300537, 4.429845571517944
021/i300_19.plc, 4.926648378372192, 4.314140319824219, 4.074639558792114, 3.8773388862609863
021/i300_20.plc, 6.051448583602905, 4.780422925949097, 4.558948516845703, 4.440714597702026
021/Avg time, 30.960583639144897, 6.918578124046325, 6.478098392486572, 6.4646228671073915
021/Med time, 7.671575427055359, 5.1626012325286865, 4.795784950256348, 4.85811173915863
021/Max time, inf, 27.889721393585205, 26.833933353424072, 26.732706546783447
100/i300_1.plc, 3.4516544342041016, 4.126567602157593, 3.6109702587127686, 3.6282546520233154
100/i300_2.plc, 4.114480972290039, 4.627406358718872, 4.1754865646362305, 4.137112140655518
100/i300_3.plc, 3.8260693550109863, 4.83178186416626, 4.366422653198242, 4.3999645709991455
100/i300_4.plc, 7.0976035594940186, 7.757623195648193, 7.0422773361206055, 7.018514633178711
100/i300_5.plc, 3.8850786685943604, 4.583695650100708, 4.1826112270355225, 4.123950242996216
100/i300_6.plc, 3.708249568939209, 5.0196428298950195, 4.570545196533203, 4.5619871616363525
100/i300_7.plc, 4.129590034484863, 4.890132665634155, 4.451419830322266, 4.435858488082886
100/i300_8.plc, 4.5959155559539795, 5.302069664001465, 4.732300519943237, 4.727572917938232
100/i300_9.plc, 3.8583967685699463, 4.461178302764893, 4.03396201133728, 3.9914488792419434
100/i300_10.plc, 3.52091383934021, 5.0026726722717285, 4.452170133590698, 4.4476611614227295
100/i300_11.plc, 3.9040799140930176, 4.772083520889282, 4.366704702377319, 4.32358717918396
100/i300_12.plc, 4.126510143280029, 4.729515552520752, 4.326023101806641, 4.340717792510986
100/i300_13.plc, 3.5584747791290283, 4.4065728187561035, 4.013156890869141, 4.016031742095947
100/i300_14.plc, 3.516554355621338, 4.208590507507324, 3.846022367477417, 3.8285388946533203
100/i300_15.plc, 3.241565227508545, 3.844719171524048, 3.388690233230591, 3.398315906524658
100/i300_16.plc, 3.723895788192749, 4.800872802734375, 4.367293357849121, 4.340946435928345
100/i300_17.plc, 4.0267014503479, 4.579413890838623, 4.13855242729187, 4.158652067184448
100/i300_18.plc, 3.613820791244507, 4.625886917114258, 4.179486513137817, 4.19227147102356
100/i300_19.plc, 3.367532968521118, 3.972275495529175, 3.5671029090881348, 3.5433201789855957
100/i300_20.plc, 4.157085657119751, 4.608905076980591, 4.255074501037598, 4.253247022628784
100/Avg time, 3.971208691596985, 4.757580327987671, 4.3033136367797855, 4.293397676944733
100/Med time, 3.8422330617904663, 4.626646637916565, 4.21884286403656, 4.222759246826172
100/Max time, 7.0976035594940186, 7.757623195648193, 7.0422773361206055, 7.018514633178711
101/i300_1.plc, 4.299431800842285, 4.053019762039185, 3.647657632827759, 3.630927085876465
101/i300_2.plc, 4.360909938812256, 4.5525431632995605, 4.153742551803589, 4.165192365646362
101/i300_3.plc, 4.086734294891357, 4.807226896286011, 4.380458831787109, 4.403105020523071
101/i300_4.plc, 7.582040309906006, 7.65679144859314, 7.049527406692505, 7.0256359577178955
101/i300_5.plc, 5.189090728759766, 4.572855472564697, 4.0975422859191895, 4.1494669914245605
101/i300_6.plc, 3.972099542617798, 5.001819372177124, 4.596290826797485, 4.563582420349121
101/i300_7.plc, 4.38048243522644, 4.811296701431274, 4.4257261753082275, 4.420533657073975
101/i300_8.plc, 4.887775421142578, 5.206537246704102, 4.717736721038818, 4.699076414108276
101/i300_9.plc, 4.77873420715332, 4.410050630569458, 3.995656967163086, 3.9887795448303223
101/i300_10.plc, 4.338279962539673, 4.9897966384887695, 4.455418586730957, 4.4406044483184814
101/i300_11.plc, 4.123663425445557, 4.707952976226807, 4.345020771026611, 4.3303797245025635
101/i300_12.plc, 5.078279495239258, 4.656809329986572, 4.283289670944214, 4.332765817642212
101/i300_13.plc, 4.404401540756226, 4.377856492996216, 3.9803216457366943, 3.9934442043304443
101/i300_14.plc, 3.746727228164673, 4.214184045791626, 3.8414971828460693, 3.8380846977233887
101/i300_15.plc, 3.496476173400879, 3.809333562850952, 3.3834900856018066, 3.418928623199463
101/i300_16.plc, 3.9660427570343018, 4.783200263977051, 4.336224794387817, 4.357933044433594
101/i300_17.plc, 4.295052766799927, 4.550386905670166, 4.141165018081665, 4.1566362380981445
101/i300_18.plc, 3.8797385692596436, 4.594479084014893, 4.183567047119141, 4.197022438049316
101/i300_19.plc, 3.629030704498291, 3.943462610244751, 3.554408550262451, 3.5630011558532715
101/i300_20.plc, 4.408812522888184, 4.58345627784729, 4.214890956878662, 4.263088703155518
101/Avg time, 4.445190191268921, 4.714152944087982, 4.2891816854476925, 4.296909427642822
101/Med time, 4.318855881690979, 4.588967680931091, 4.199229001998901, 4.230055570602417
101/Max time, 7.582040309906006, 7.65679144859314, 7.049527406692505, 7.0256359577178955
110/i300_1.plc, 3.711951971054077, 4.0897369384765625, 3.6569902896881104, 3.933189630508423
110/i300_2.plc, 4.376426696777344, 4.7063634395599365, 4.333843231201172, 4.53349757194519
110/i300_3.plc, 5.235240697860718, 5.835457801818848, 5.3345558643341064, 5.62639856338501
110/i300_4.plc, 7.368437767028809, 7.885901212692261, 8.10048246383667, 7.847476243972778
110/i300_5.plc, 5.265490531921387, 5.913094997406006, 5.710928201675415, 5.353155136108398
110/i300_6.plc, 3.9782629013061523, 5.15166449546814, 4.650873899459839, 4.850514888763428
110/i300_7.plc, 14.705407857894897, 6.532460451126099, 6.044463634490967, 6.13243842124939
110/i300_8.plc, 5.808862924575806, 5.578511476516724, 5.469778537750244, 5.185285329818726
110/i300_9.plc, 4.116819620132446, 4.558770656585693, 4.088781833648682, 4.353039026260376
110/i300_10.plc, 4.285754203796387, 4.987393379211426, 4.469178199768066, 4.74056077003479
110/i300_11.plc, 16.052132606506348, 6.132673263549805, 5.803586483001709, 5.418202877044678
110/i300_12.plc, 5.418982267379761, 4.809189558029175, 4.232241153717041, 4.249194145202637
110/i300_13.plc, 3.784914970397949, 4.477313756942749, 4.036017417907715, 4.310138702392578
110/i300_14.plc, 4.277369737625122, 4.424420356750488, 3.8334312438964844, 3.859178066253662
110/i300_15.plc, 3.59206485748291, 4.2568864822387695, 4.043054103851318, 3.7845163345336914
110/i300_16.plc, 4.646221399307251, 5.321550607681274, 5.1503119468688965, 4.82117223739624
110/i300_17.plc, 4.8536646366119385, 4.656594753265381, 4.1271984577178955, 4.133302927017212
110/i300_18.plc, 3.8762121200561523, 4.885153293609619, 4.67581844329834, 4.540259122848511
110/i300_19.plc, 4.227859735488892, 4.493096351623535, 4.30474328994751, 3.928154468536377
110/i300_20.plc, 4.42999267578125, 5.081772089004517, 4.890300035476685, 4.583616256713867
110/Avg time, 5.70060350894928, 5.18890026807785, 4.847828936576843, 4.809164535999298
110/Med time, 4.403209686279297, 4.9362733364105225, 4.560026049613953, 4.561937689781189
110/Max time, 16.052132606506348, 7.885901212692261, 8.10048246383667, 7.847476243972778
111/i300_1.plc, 4.885033369064331, 4.395087003707886, 4.237511396408081, 3.982144832611084
111/i300_2.plc, 4.482548952102661, 4.957442998886108, 4.7385475635528564, 4.505162000656128
111/i300_3.plc, 4.776530027389526, 4.910671949386597, 4.310960054397583, 4.3035805225372314
111/i300_4.plc, 7.579784631729126, 7.902845144271851, 7.393120527267456, 7.734159469604492
111/i300_5.plc, 4.8887012004852295, 4.913398504257202, 4.663434743881226, 4.508511543273926
111/i300_6.plc, 5.035783767700195, 5.319656848907471, 5.1370251178741455, 4.85245418548584
111/i300_7.plc, 5.15073823928833, 5.01805853843689, 4.533997535705566, 4.517762660980225
111/i300_8.plc, 5.841724634170532, 5.397026062011719, 4.811516284942627, 5.088813066482544
111/i300_9.plc, 26.716310262680054, 7.643918514251709, 7.618435382843018, 7.425374984741211
111/i300_10.plc, 4.882776260375977, 5.033201217651367, 4.505505084991455, 4.8017261028289795
111/i300_11.plc, 4.839978456497192, 4.908812761306763, 4.4228973388671875, 4.652925491333008
111/i300_12.plc, 21.584641695022583, 8.292657375335693, 7.45438814163208, 7.459904193878174
111/i300_13.plc, 4.539186000823975, 4.835740804672241, 4.6207594871521, 4.3539087772369385
111/i300_14.plc, 4.541656017303467, 4.370577335357666, 3.856858730316162, 3.850153684616089
111/i300_15.plc, 4.42902946472168, 3.951537609100342, 3.4408140182495117, 3.7231147289276123
111/i300_16.plc, 4.773025751113892, 5.043620824813843, 4.563121795654297, 4.7793967723846436
111/i300_17.plc, 5.286317825317383, 5.020434856414795, 4.7388715744018555, 4.5131824016571045
111/i300_18.plc, 3.9930307865142822, 5.044401407241821, 4.77381157875061, 4.56008505821228
111/i300_19.plc, 3.693765163421631, 4.078373432159424, 3.5867502689361572, 3.5914652347564697
111/i300_20.plc, 5.226889133453369, 5.006962776184082, 4.766959190368652, 4.570206642150879
111/Avg time, 6.857372581958771, 5.302221298217773, 4.908764290809631, 4.888701617717743
111/Med time, 4.883904814720154, 5.012510657310486, 4.642097115516663, 4.538923859596252
111/Max time, 26.716310262680054, 8.292657375335693, 7.618435382843018, 7.734159469604492
112/i300_1.plc, 4.420388221740723, 4.357783794403076, 4.139692306518555, 3.936462879180908
112/i300_2.plc, 4.47988486289978, 4.983232021331787, 4.7384679317474365, 4.524448871612549
112/i300_3.plc, 4.911819219589233, 4.918813943862915, 4.3087317943573, 4.3324360847473145
112/i300_4.plc, 7.575349569320679, 7.708351135253906, 7.494865894317627, 7.480814456939697
112/i300_5.plc, 49.638418674468994, 8.408849239349365, 6.907968282699585, 6.715259552001953
112/i300_6.plc, 4.802760124206543, 5.280286550521851, 5.013163328170776, 4.851233005523682
112/i300_7.plc, 4.533833742141724, 5.176030397415161, 4.992760419845581, 4.833211898803711
112/i300_8.plc, 5.703337907791138, 5.4752516746521, 5.349768161773682, 5.17109489440918
112/i300_9.plc, 4.897814512252808, 4.721789598464966, 4.526779890060425, 4.355905055999756
112/i300_10.plc, 4.943414211273193, 4.990213871002197, 4.5247297286987305, 4.5060715675354
112/i300_11.plc, 4.304690599441528, 4.863107442855835, 4.37301230430603, 4.350754737854004
112/i300_12.plc, 5.155324697494507, 4.884778022766113, 4.731918811798096, 4.551655054092407
112/i300_13.plc, 16.026093006134033, 7.5907087326049805, 7.251648426055908, 7.100786209106445
112/i300_14.plc, 4.548306465148926, 4.433344841003418, 3.8478875160217285, 3.8623037338256836
112/i300_15.plc, 4.353971242904663, 4.072349309921265, 3.8657913208007812, 3.6980206966400146
112/i300_16.plc, 4.778680324554443, 5.0870583057403564, 4.968720197677612, 4.758774995803833
112/i300_17.plc, 4.42455792427063, 4.831788778305054, 4.661729574203491, 4.548377513885498
112/i300_18.plc, 4.631163120269775, 5.0143046379089355, 4.73796534538269, 4.562051296234131
112/i300_19.plc, 3.7583463191986084, 4.186616659164429, 4.035060882568359, 3.870412826538086
112/i300_20.plc, 5.604624032974243, 4.924531698226929, 4.755784034729004, 4.5236735343933105
112/Avg time, 7.674638938903809, 5.295459532737732, 4.96132230758667, 4.826687443256378
112/Med time, 4.790720224380493, 4.953881859779358, 4.734942078590393, 4.536413192749023
112/Max time, 49.638418674468994, 8.408849239349365, 7.494865894317627, 7.480814456939697
121/i300_1.plc, 3.856445789337158, 4.397102355957031, 4.188607454299927, 3.943786144256592
121/i300_2.plc, 5.123027801513672, 4.974241733551025, 4.762730360031128, 4.526512861251831
121/i300_3.plc, 29.489609241485596, 8.484853982925415, 8.092769384384155, 7.897133111953735
121/i300_4.plc, 7.583179473876953, 7.957549333572388, 7.752657175064087, 7.525369644165039
121/i300_5.plc, inf, 9.709814310073853, 9.267830848693848, 9.015013217926025
121/i300_6.plc, 4.0903801918029785, 5.200487375259399, 4.6210832595825195, 4.8077545166015625
121/i300_7.plc, 5.352644681930542, 5.280529022216797, 5.052088499069214, 4.798635482788086
121/i300_8.plc, 20.46004819869995, 9.031693935394287, 10.41629409790039, 10.180243492126465
121/i300_9.plc, 4.942148923873901, 4.820845603942871, 4.607943058013916, 4.384836912155151
121/i300_10.plc, 4.486743211746216, 5.1899354457855225, 5.056702613830566, 4.8465447425842285
121/i300_11.plc, 4.918869495391846, 5.164509534835815, 4.928461313247681, 4.687772512435913
121/i300_12.plc, 5.125694513320923, 5.052391529083252, 4.9418089389801025, 4.685218811035156
121/i300_13.plc, 4.636205434799194, 4.876160383224487, 4.65125846862793, 4.3608622550964355
121/i300_14.plc, 4.544884443283081, 4.544692754745483, 4.359044790267944, 4.137194871902466
121/i300_15.plc, 3.8075904846191406, 4.202536106109619, 3.988887071609497, 3.714942216873169
121/i300_16.plc, 5.198974609375, 5.1703596115112305, 5.0170793533325195, 4.805303335189819
121/i300_17.plc, 5.161020040512085, 4.8432395458221436, 4.214954853057861, 4.529117107391357
121/i300_18.plc, 4.045643329620361, 4.859972238540649, 4.725459814071655, 4.516602993011475
121/i300_19.plc, 4.395965814590454, 4.3114728927612305, 4.122394323348999, 3.8866395950317383
121/i300_20.plc, 5.245797157287598, 5.078003168106079, 4.871071100234985, 4.6259307861328125
121/Avg time, 12.623243641853332, 5.657519543170929, 5.481956338882446, 5.293770730495453
121/Med time, 5.032588362693787, 5.0651973485946655, 4.816900730133057, 4.655574798583984
121/Max time, inf, 9.709814310073853, 10.41629409790039, 10.180243492126465
201/i300_1.plc, 4.361952066421509, 4.123051881790161, 3.627378463745117, 3.611151695251465
201/i300_2.plc, 4.291365385055542, 4.640474796295166, 4.15508770942688, 4.17221736907959
201/i300_3.plc, 4.574668645858765, 4.813365459442139, 4.3889000415802, 4.374117136001587
201/i300_4.plc, 7.392542839050293, 7.772738933563232, 7.024929046630859, 7.055599927902222
201/i300_5.plc, 4.090379238128662, 4.553172826766968, 4.180961608886719, 4.137447834014893
201/i300_6.plc, 4.579129219055176, 4.993497371673584, 4.55892539024353, 4.56653904914856
201/i300_7.plc, 4.335510015487671, 4.869189500808716, 4.426907300949097, 4.431591033935547
201/i300_8.plc, 4.775319337844849, 5.212347030639648, 4.7079551219940186, 4.72301983833313
201/i300_9.plc, 4.023021459579468, 4.498246908187866, 4.005116701126099, 4.012054443359375
201/i300_10.plc, 4.2394936084747314, 4.975886344909668, 4.475873708724976, 4.4615256786346436
201/i300_11.plc, 4.801358938217163, 4.765057802200317, 4.363541603088379, 4.368122100830078
201/i300_12.plc, 4.285727262496948, 4.674328565597534, 4.291701793670654, 4.314328670501709
201/i300_13.plc, 4.6915881633758545, 4.427603721618652, 4.0037009716033936, 4.000357151031494
201/i300_14.plc, 3.6887714862823486, 4.283292531967163, 3.83077335357666, 3.838113307952881
201/i300_15.plc, 4.111647129058838, 3.8337035179138184, 3.3928310871124268, 3.377938747406006
201/i300_16.plc, 3.897106885910034, 4.851913928985596, 4.357141017913818, 4.366065979003906
201/i300_17.plc, 4.18947958946228, 4.581054210662842, 4.1413733959198, 4.147379398345947
201/i300_18.plc, 4.380219459533691, 4.636296510696411, 4.169595718383789, 4.166389226913452
201/i300_19.plc, 3.5297653675079346, 3.982304573059082, 3.570140838623047, 3.5602314472198486
201/i300_20.plc, 5.260870933532715, 4.708894729614258, 4.2364747524261475, 4.236478567123413
201/Avg time, 4.474995851516724, 4.759821057319641, 4.295465481281281, 4.296033430099487
201/Med time, 4.3134377002716064, 4.65740168094635, 4.208718180656433, 4.2043479681015015
201/Max time, 7.392542839050293, 7.772738933563232, 7.024929046630859, 7.055599927902222
210/i300_1.plc, 32.84050464630127, 6.4541175365448, 5.783746242523193, 5.7816572189331055
210/i300_2.plc, 4.310304641723633, 4.754991769790649, 4.215848207473755, 4.206843376159668
210/i300_3.plc, 4.621720790863037, 4.866914510726929, 4.346389293670654, 4.352513551712036
210/i300_4.plc, inf, 9.7545645236969, 12.809080839157104, 12.737157344818115
210/i300_5.plc, 4.30401611328125, 4.654752254486084, 4.217350244522095, 4.204643964767456
210/i300_6.plc, 4.625164747238159, 5.0832273960113525, 4.601067781448364, 4.621006965637207
210/i300_7.plc, 4.261471271514893, 4.981197118759155, 4.445248365402222, 4.462043046951294
210/i300_8.plc, 5.513978481292725, 5.416897296905518, 4.763173580169678, 4.783137083053589
210/i300_9.plc, 22.79545283317566, 7.41996693611145, 6.577127456665039, 6.596949100494385
210/i300_10.plc, 3.717365264892578, 5.113532304763794, 4.47564959526062, 4.497148275375366
210/i300_11.plc, 4.075163125991821, 4.943710565567017, 4.3510260581970215, 4.369091510772705
210/i300_12.plc, 4.2948219776153564, 4.839058876037598, 4.254820823669434, 4.270091772079468
210/i300_13.plc, 3.7354795932769775, 4.51673698425293, 3.9834511280059814, 4.3267481327056885
210/i300_14.plc, 4.388391733169556, 4.371125936508179, 3.828629970550537, 3.8558499813079834
210/i300_15.plc, 4.018031597137451, 3.924100875854492, 3.4037349224090576, 3.429232358932495
210/i300_16.plc, 4.47748327255249, 5.030966758728027, 4.465524435043335, 4.493550777435303
210/i300_17.plc, 4.855323076248169, 4.6931328773498535, 4.1518235206604, 4.159700155258179
210/i300_18.plc, 3.853806972503662, 4.7227699756622314, 4.233974933624268, 4.254685878753662
210/i300_19.plc, 4.121202707290649, 4.096292018890381, 3.586073875427246, 3.600168466567993
210/i300_20.plc, 4.3570334911346436, 4.779605150222778, 4.298605442047119, 4.304721832275391
210/Avg time, 12.458335816860199, 5.220883083343506, 4.839617335796357, 4.865347039699555
210/Med time, 4.333669066429138, 4.852986693382263, 4.322497367858887, 4.339630842208862
210/Max time, inf, 9.7545645236969, 12.809080839157104, 12.737157344818115
211/i300_1.plc, 3.7798943519592285, 4.1530303955078125, 3.6392548084259033, 3.6988654136657715
211/i300_2.plc, 5.0334320068359375, 4.694231748580933, 4.192062616348267, 4.201130628585815
211/i300_3.plc, 5.229447841644287, 5.846128940582275, 5.2917070388793945, 5.299466371536255
211/i300_4.plc, 7.334230184555054, 8.009893655776978, 7.3164451122283936, 7.331610918045044
211/i300_5.plc, 4.210148572921753, 4.6895880699157715, 4.199584484100342, 4.20800256729126
211/i300_6.plc, inf, 5.4097418785095215, 4.748453140258789, 4.717494010925293
211/i300_7.plc, 25.357353687286377, 6.09317421913147, 5.667925596237183, 5.7039794921875
211/i300_8.plc, 5.005310297012329, 5.4128522872924805, 4.795961141586304, 4.814120054244995
211/i300_9.plc, 4.675509929656982, 4.591745853424072, 4.074211359024048, 4.10115909576416
211/i300_10.plc, 4.4824817180633545, 5.067458868026733, 4.501558065414429, 4.495641469955444
211/i300_11.plc, 4.778961658477783, 4.911999464035034, 4.426703691482544, 4.70210075378418
211/i300_12.plc, 5.075963258743286, 4.920760631561279, 4.263187408447266, 4.245037794113159
211/i300_13.plc, 4.4564735889434814, 4.576419353485107, 4.0336151123046875, 4.047795295715332
211/i300_14.plc, 6.378859519958496, 5.104471921920776, 4.475780487060547, 4.498829126358032
211/i300_15.plc, 3.533167839050293, 3.8698136806488037, 3.423905611038208, 3.4124391078948975
211/i300_16.plc, 4.029458045959473, 4.965770959854126, 4.414013862609863, 4.423904180526733
211/i300_17.plc, 4.954370975494385, 4.696260213851929, 4.194674730300903, 4.180472373962402
211/i300_18.plc, 3.9505178928375244, 4.755156755447388, 4.235168695449829, 4.251561880111694
211/i300_19.plc, 3.6447901725769043, 4.0515172481536865, 3.5677552223205566, 3.549360990524292
211/i300_20.plc, 4.4785590171813965, 4.728248834609985, 4.341963768005371, 4.334223508834839
211/Avg time, 11.519446527957916, 5.027413249015808, 4.4901965975761415, 4.510859751701355
211/Med time, 4.727235794067383, 4.833578109741211, 4.302575588226318, 4.292892694473267
211/Max time, inf, 8.009893655776978, 7.3164451122283936, 7.331610918045044
001/i500_1.plc, 19.730720043182373, 13.636813640594482, 12.000765800476074, 12.649880409240723
001/i500_2.plc, 20.25218892097473, 16.134795427322388, 14.525598526000977, 14.535335302352905
001/i500_3.plc, 21.976050853729248, 17.487496852874756, 15.874956130981445, 15.88958740234375
001/i500_4.plc, 20.494765996932983, 17.445006608963013, 16.175147771835327, 16.14279556274414
001/i500_5.plc, 18.95206618309021, 14.910953760147095, 12.629534721374512, 12.69136381149292
001/i500_6.plc, 21.340590000152588, 17.56410026550293, 15.096478700637817, 15.898956537246704
001/i500_7.plc, 19.846217393875122, 14.14332365989685, 12.534353971481323, 13.125060081481934
001/i500_8.plc, 21.06315779685974, 15.288148164749146, 13.60626745223999, 13.553928852081299
001/i500_9.plc, 18.403498888015747, 15.28529167175293, 13.78229546546936, 14.452544927597046
001/i500_10.plc, 19.658955574035645, 16.08050560951233, 14.656359195709229, 15.058927297592163
001/i500_11.plc, 22.321733236312866, 13.499385356903076, 12.091320514678955, 12.686931133270264
001/i500_12.plc, 18.198129653930664, 16.217804193496704, 14.299115180969238, 14.602414846420288
001/i500_13.plc, 17.5084068775177, 13.472164154052734, 11.686253309249878, 11.649535894393921
001/i500_14.plc, 17.62801957130432, 15.002589702606201, 13.611337900161743, 13.885879516601562
001/i500_15.plc, 18.12379264831543, 13.862831592559814, 12.299574375152588, 12.207507610321045
001/i500_16.plc, 19.414670944213867, 15.620379447937012, 14.347283363342285, 14.811745405197144
001/i500_17.plc, 21.891557216644287, 18.65776562690735, 16.930889129638672, 17.79912495613098
001/i500_18.plc, 17.58846354484558, 13.390352487564087, 11.670665264129639, 11.693398714065552
001/i500_19.plc, 19.12298059463501, 15.976415634155273, 14.484736204147339, 14.911656618118286
001/i500_20.plc, 18.363780975341797, 15.924811840057373, 14.294514894485474, 14.960713624954224
001/Avg time, 19.593987345695496, 15.480046784877777, 13.829872393608094, 14.160364425182342
001/Med time, 19.536813259124756, 15.454263806343079, 14.038405179977417, 14.493940114974976
001/Max time, 22.321733236312866, 18.65776562690735, 16.930889129638672, 17.79912495613098
010/i500_1.plc, 16.692728996276855, 14.4188551902771, 12.672743797302246, 13.04574704170227
010/i500_2.plc, 16.919000387191772, 16.751511335372925, 15.051970481872559, 15.48311996459961
010/i500_3.plc, 20.79673409461975, 18.452288389205933, 16.52077031135559, 16.930222988128662
010/i500_4.plc, 18.781648635864258, 18.53366446495056, 16.348647594451904, 16.514961004257202
010/i500_5.plc, 14.35852837562561, 15.192379474639893, 13.42695927619934, 13.7984037399292
010/i500_6.plc, 18.755109071731567, 17.714467763900757, 15.532190799713135, 16.327760457992554
010/i500_7.plc, 14.612246036529541, 14.864853143692017, 13.135009050369263, 13.648784875869751
010/i500_8.plc, 16.789783239364624, 15.813925981521606, 14.210779190063477, 14.514642477035522
010/i500_9.plc, 15.893332958221436, 16.02888560295105, 14.337089776992798, 14.955025434494019
010/i500_10.plc, inf, 26.620474576950073, 25.20909881591797, 26.678884506225586
010/i500_11.plc, 16.598756790161133, 14.322663307189941, 12.57322096824646, 13.020898818969727
010/i500_12.plc, 943.0532333850861, 37.13506460189819, 33.78098154067993, 34.21225309371948
010/i500_13.plc, 16.268699407577515, 14.022783279418945, 12.40340256690979, 12.680426597595215
010/i500_14.plc, 621.3117389678955, 22.05414652824402, 19.181739330291748, 19.06908345222473
010/i500_15.plc, 14.183257341384888, 14.698323726654053, 12.920959949493408, 13.310565948486328
010/i500_16.plc, 104.50873231887817, 23.124510765075684, 22.015856981277466, 21.242472887039185
010/i500_17.plc, 35.85080027580261, 23.081928491592407, 19.860877990722656, 20.785983085632324
010/i500_18.plc, 16.035228967666626, 14.472848415374756, 12.403069257736206, 12.711769580841064
010/i500_19.plc, 259.1435925960541, 20.997365474700928, 16.943694591522217, 18.72202777862549
010/i500_20.plc, 137.09839725494385, 30.3411865234375, 28.733317136764526, 27.923298835754395
010/Avg time, 175.8825774550438, 19.43210635185242, 17.363118970394133, 17.778816628456116
010/Med time, 17.83705472946167, 17.23298954963684, 15.292080640792847, 15.905440211296082
010/Max time, inf, 37.13506460189819, 33.78098154067993, 34.21225309371948
011/i500_1.plc, 17.192026615142822, 14.043034076690674, 13.04121994972229, 12.873316287994385
011/i500_2.plc, 18.432727813720703, 16.52774143218994, 14.737746953964233, 15.345665693283081
011/i500_3.plc, 35.60660147666931, 21.879355430603027, 21.993902921676636, 21.671345949172974
011/i500_4.plc, 46.06351065635681, 23.253851890563965, 20.846158981323242, 20.602815628051758
011/i500_5.plc, 17.70864987373352, 15.45859408378601, 14.452173948287964, 13.682455062866211
011/i500_6.plc, 39.84167122840881, 21.76133394241333, 20.381433725357056, 19.764522790908813
011/i500_7.plc, 16.062021493911743, 14.34744381904602, 12.718738555908203, 13.41440200805664
011/i500_8.plc, 19.39368438720703, 15.35325813293457, 14.403536796569824, 14.202365636825562
011/i500_9.plc, 17.84935474395752, 15.758894205093384, 14.662664651870728, 14.397828578948975
011/i500_10.plc, 177.29996585845947, 21.327640295028687, 20.48723578453064, 20.174089908599854
011/i500_11.plc, 16.80646800994873, 13.703235864639282, 12.876292943954468, 12.725494861602783
011/i500_12.plc, 18.45696496963501, 15.653661966323853, 14.807761430740356, 14.547648906707764
011/i500_13.plc, 50.37135434150696, 17.0247483253479, 16.05449891090393, 15.83440089225769
011/i500_14.plc, 15.571365356445312, 15.251212358474731, 13.633686065673828, 14.126274108886719
011/i500_15.plc, 17.501256227493286, 14.111016035079956, 13.222524404525757, 12.970838069915771
011/i500_16.plc, 19.954712867736816, 16.113118171691895, 15.17002272605896, 14.864612817764282
011/i500_17.plc, 468.87219047546387, 23.761058568954468, 22.13276696205139, 22.34186577796936
011/i500_18.plc, 17.400119304656982, 13.801508903503418, 12.03149676322937, 12.599924325942993
011/i500_19.plc, 291.6390779018402, 20.95199704170227, 19.247305154800415, 18.582383632659912
011/i500_20.plc, 275.7982749938965, 17.74369192123413, 16.87301993370056, 16.416534900665283
011/Avg time, 79.89109992980957, 17.391319823265075, 16.188709378242493, 16.05693929195404
011/Med time, 18.92532467842102, 15.93600618839264, 14.772754192352295, 14.706130862236023
011/Max time, 468.87219047546387, 23.761058568954468, 22.13276696205139, 22.34186577796936
012/i500_1.plc, 15.268324136734009, 14.579714298248291, 13.481852769851685, 13.016956090927124
012/i500_2.plc, 52.274372577667236, 17.48231339454651, 16.221814155578613, 15.961653470993042
012/i500_3.plc, 1039.3011696338654, 28.133219718933105, 26.13648533821106, 25.671302556991577
012/i500_4.plc, 18.453760623931885, 18.5769522190094, 16.864084720611572, 16.33294367790222
012/i500_5.plc, 44.47010159492493, 18.686780214309692, 17.27931046485901, 16.791287660598755
012/i500_6.plc, 19.49229669570923, 16.8151113986969, 15.99448537826538, 15.823501348495483
012/i500_7.plc, inf, 24.535063982009888, 22.140486001968384, 21.812416553497314
012/i500_8.plc, 18.91987180709839, 15.882762670516968, 15.036126136779785, 14.43856430053711
012/i500_9.plc, 17.38606095314026, 15.527329683303833, 14.654736042022705, 14.41269040107727
012/i500_10.plc, 41.10486888885498, 24.511667728424072, 23.346387147903442, 22.871858596801758
012/i500_11.plc, 37.095609188079834, 18.17410922050476, 16.772376775741577, 16.16720962524414
012/i500_12.plc, 197.02106833457947, 19.453547477722168, 18.09856653213501, 17.881166219711304
012/i500_13.plc, 53.90525031089783, 18.690870761871338, 16.898994207382202, 16.512306213378906
012/i500_14.plc, 17.059841632843018, 15.398752212524414, 14.29139518737793, 13.946774959564209
012/i500_15.plc, 16.610358476638794, 14.634449481964111, 13.439950704574585, 13.01165223121643
012/i500_16.plc, inf, 26.905538320541382, 28.43022322654724, 27.98936939239502
012/i500_17.plc, 21.352391719818115, 18.894646644592285, 18.20787739753723, 17.761948585510254
012/i500_18.plc, 78.34741592407227, 17.909460306167603, 16.51928424835205, 15.936635255813599
012/i500_19.plc, 18.34952974319458, 16.026734352111816, 15.190767765045166, 14.977033376693726
012/i500_20.plc, 17.058018684387207, 16.541484594345093, 15.695822954177856, 15.188558101654053
012/Avg time, 206.17351554632188, 18.86802543401718, 17.735051357746123, 17.325291430950166
012/Med time, 29.224000453948975, 18.04178476333618, 16.645830512046814, 16.06443154811859
012/Max time, inf, 28.133219718933105, 28.43022322654724, 27.98936939239502
021/i500_1.plc, 16.82900071144104, 14.79764699935913, 13.67546534538269, 12.968153953552246
021/i500_2.plc, 18.44821834564209, 16.571683883666992, 15.507062435150146, 15.088438987731934
021/i500_3.plc, inf, 36.80902433395386, 31.308831214904785, 30.536921739578247
021/i500_4.plc, 20.69955325126648, 17.4777729511261, 16.314891576766968, 16.13985514640808
021/i500_5.plc, 16.403825044631958, 15.062410831451416, 13.20783805847168, 13.72737431526184
021/i500_6.plc, 61.660452127456665, 23.68410611152649, 22.633078575134277, 21.79484486579895
021/i500_7.plc, inf, 38.24834179878235, 35.36129856109619, 35.069358110427856
021/i500_8.plc, 41.73295044898987, 18.976650953292847, 17.632395267486572, 17.328880071640015
021/i500_9.plc, 41.521406412124634, 19.717326879501343, 18.72106432914734, 18.347631692886353
021/i500_10.plc, 43.683741092681885, 20.079521894454956, 18.53458023071289, 18.2552433013916
021/i500_11.plc, 19.628376483917236, 13.966130018234253, 13.094175100326538, 12.711341857910156
021/i500_12.plc, 194.98162174224854, 26.394402503967285, 23.422372579574585, 23.070579528808594
021/i500_13.plc, 17.74433922767639, 13.60120415687561, 12.989979028701782, 12.462886095046997
021/i500_14.plc, 16.755294799804688, 15.769992113113403, 14.992531299591064, 14.234450578689575
021/i500_15.plc, 18.888893604278564, 15.002099752426147, 14.210824728012085, 13.27047610282898
021/i500_16.plc, 18.446970462799072, 16.615179777145386, 15.713051319122314, 14.995814800262451
021/i500_17.plc, 31.77396249771118, 22.702070951461792, 19.827489376068115, 21.059627532958984
021/i500_18.plc, 17.82724905014038, 14.166640758514404, 13.417019844055176, 12.641447305679321
021/i500_19.plc, 54.574498891830444, 19.346111536026, 18.26027488708496, 17.88655161857605
021/i500_20.plc, 19.170302391052246, 16.042335987091064, 14.573326349258423, 14.978426694869995
021/Avg time, 153.53853282928466, 19.751532709598543, 18.16987750530243, 17.82841521501541
021/Med time, 20.163964867591858, 17.046476364135742, 16.01397144794464, 15.614147067070007
021/Max time, inf, 38.24834179878235, 35.36129856109619, 35.069358110427856
100/i500_1.plc, 12.014271020889282, 13.449137926101685, 12.219244718551636, 12.63129210472107
100/i500_2.plc, 12.90010142326355, 16.040859937667847, 14.541300535202026, 14.536202669143677
100/i500_3.plc, 16.394602298736572, 17.758361101150513, 15.941425323486328, 15.909430503845215
100/i500_4.plc, 13.617523908615112, 17.600767612457275, 16.257995128631592, 16.129689931869507
100/i500_5.plc, 12.945985794067383, 14.071683406829834, 12.698793888092041, 12.69698715209961
100/i500_6.plc, 13.61284065246582, 16.866010665893555, 14.951941728591919, 15.95743989944458
100/i500_7.plc, 12.36330795288086, 13.895537376403809, 12.556344747543335, 13.185478448867798
100/i500_8.plc, 13.327490091323853, 15.054603815078735, 13.562144756317139, 13.565387487411499
100/i500_9.plc, 12.938518047332764, 15.26595664024353, 13.735265731811523, 14.480022430419922
100/i500_10.plc, 14.717393636703491, 15.955628156661987, 14.589785099029541, 15.111729621887207
100/i500_11.plc, 12.388542175292969, 13.67546820640564, 12.231961488723755, 12.685342073440552
100/i500_12.plc, 12.709856748580933, 15.625994205474854, 14.284034252166748, 14.673543214797974
100/i500_13.plc, 12.314704418182373, 13.125847816467285, 11.694939851760864, 11.661865949630737
100/i500_14.plc, 12.612544536590576, 14.81142258644104, 13.567854166030884, 13.963938236236572
100/i500_15.plc, 12.819907903671265, 13.764280080795288, 12.283403873443604, 12.316419124603271
100/i500_16.plc, 13.631527662277222, 15.581075668334961, 14.247556447982788, 14.847166776657104
100/i500_17.plc, 16.64597749710083, 18.948985815048218, 17.031875371932983, 17.960432291030884
100/i500_18.plc, 12.57886028289795, 13.207158327102661, 11.689135074615479, 11.634517431259155
100/i500_19.plc, 13.663135051727295, 15.937772750854492, 14.598625659942627, 14.89652681350708
100/i500_20.plc, 13.348387718200684, 16.103964805603027, 14.312718629837036, 14.946316957473755
100/Avg time, 13.37727394104004, 15.337025845050812, 13.849817323684693, 14.189486455917358
100/Med time, 12.942251920700073, 15.423516154289246, 13.991411089897156, 14.5081125497818
100/Max time, 16.64597749710083, 18.948985815048218, 17.031875371932983, 17.960432291030884
101/i500_1.plc, 14.849067211151123, 13.929089069366455, 12.055461168289185, 12.598449468612671
101/i500_2.plc, 15.550426244735718, 16.96107053756714, 14.52781891822815, 14.738972425460815
101/i500_3.plc, 17.127490043640137, 17.96323323249817, 15.896823167800903, 16.174701690673828
101/i500_4.plc, 15.354734897613525, 18.639582633972168, 16.209486484527588, 16.09662389755249
101/i500_5.plc, 15.70499062538147, 14.836302042007446, 12.66150426864624, 13.36688756942749
101/i500_6.plc, 14.721242904663086, 18.004128217697144, 15.047894954681396, 15.909069061279297
101/i500_7.plc, 14.12388825416565, 14.709535121917725, 12.591655969619751, 13.099172592163086
101/i500_8.plc, 17.17106604576111, 15.941993474960327, 13.51113748550415, 14.197850942611694
101/i500_9.plc, 15.566460371017456, 16.399667263031006, 13.805857419967651, 14.522903680801392
101/i500_10.plc, 17.46412968635559, 16.602329969406128, 14.709004163742065, 15.107645988464355
101/i500_11.plc, 15.087979793548584, 14.204289197921753, 12.055075883865356, 12.651936531066895
101/i500_12.plc, 14.29218316078186, 15.970086336135864, 14.190016031265259, 14.639575958251953
101/i500_13.plc, 14.405457735061646, 13.027924537658691, 11.612741470336914, 12.297109365463257
101/i500_14.plc, 13.415891408920288, 14.238634586334229, 13.562842845916748, 13.961679697036743
101/i500_15.plc, 16.075815200805664, 13.39090895652771, 12.29708743095398, 12.309506893157959
101/i500_16.plc, 13.871609926223755, 15.12488579750061, 14.372397661209106, 14.816099166870117
101/i500_17.plc, 17.0146005153656, 18.23520040512085, 16.970529079437256, 17.884236335754395
101/i500_18.plc, 14.501074075698853, 13.112948417663574, 11.680179119110107, 11.73923373222351
101/i500_19.plc, 15.817755460739136, 15.988259553909302, 14.401834964752197, 14.8843674659729
101/i500_20.plc, 16.687960386276245, 15.78694486618042, 14.232948541641235, 14.918506383895874
101/Avg time, 15.440191197395325, 15.653350710868835, 13.819614851474762, 14.295726442337036
101/Med time, 15.452580571174622, 15.864469170570374, 13.997936725616455, 14.581239819526672
101/Max time, 17.46412968635559, 18.639582633972168, 16.970529079437256, 17.884236335754395
110/i500_1.plc, 12.576515913009644, 15.73723578453064, 15.276146650314331, 13.072659730911255
110/i500_2.plc, 15.703390121459961, 17.392706871032715, 15.251529932022095, 15.518287420272827
110/i500_3.plc, 19.690773248672485, 17.93132448196411, 16.13492512702942, 16.735536098480225
110/i500_4.plc, 14.242972135543823, 17.367873907089233, 16.16729211807251, 16.4660747051239
110/i500_5.plc, 13.81830644607544, 14.34982419013977, 12.81942081451416, 12.791387796401978
110/i500_6.plc, 14.605797052383423, 19.637325286865234, 18.330018281936646, 16.01317834854126
110/i500_7.plc, 13.538346767425537, 14.230064392089844, 12.529310703277588, 13.35293960571289
110/i500_8.plc, 15.65142822265625, 17.22478175163269, 16.50053334236145, 14.567861318588257
110/i500_9.plc, 14.909185647964478, 16.10378861427307, 13.78981065750122, 14.471082925796509
110/i500_10.plc, 20.78952431678772, 15.735785245895386, 14.708704233169556, 15.390912771224976
110/i500_11.plc, 14.44868779182434, 13.22403335571289, 12.20713496208191, 12.836257934570312
110/i500_12.plc, 14.226624965667725, 19.917046070098877, 19.829895973205566, 17.881921529769897
110/i500_13.plc, 14.381225109100342, 14.574930906295776, 14.525591611862183, 12.806950092315674
110/i500_14.plc, 12.670852422714233, 19.37251377105713, 19.072932958602905, 17.11951446533203
110/i500_15.plc, 13.14814829826355, 15.61240267753601, 14.29988694190979, 13.249640703201294
110/i500_16.plc, 15.901127338409424, 16.49213218688965, 14.381640195846558, 15.194297313690186
110/i500_17.plc, 19.452892303466797, 23.420846462249756, 20.426900386810303, 21.33808922767639
110/i500_18.plc, 14.862614393234253, 13.470015525817871, 11.910437822341919, 12.678383111953735
110/i500_19.plc, 14.642901420593262, 16.33952784538269, 14.519591093063354, 15.41202425956726
110/i500_20.plc, 13.42424726486206, 16.904902458190918, 14.639365196228027, 15.21532678604126
110/Avg time, 15.134278059005737, 16.75195308923721, 15.366053450107575, 15.105616307258606
110/Med time, 14.527242422103882, 16.41583001613617, 14.674034714698792, 15.204812049865723
110/Max time, 20.78952431678772, 23.420846462249756, 20.426900386810303, 21.33808922767639
111/i500_1.plc, 15.806307315826416, 15.35003137588501, 14.191495418548584, 13.21800422668457
111/i500_2.plc, 17.12701916694641, 16.99872899055481, 14.804704666137695, 15.691496133804321
111/i500_3.plc, 17.16336154937744, 21.164756059646606, 18.089826822280884, 16.865949392318726
111/i500_4.plc, 41.04590892791748, 21.539901971817017, 18.60316252708435, 19.445478677749634
111/i500_5.plc, 18.92698574066162, 14.83761191368103, 12.662464380264282, 12.769078969955444
111/i500_6.plc, 18.760454416275024, 17.244351625442505, 15.118058443069458, 15.989078283309937
111/i500_7.plc, 15.338243246078491, 14.635222911834717, 12.525854587554932, 13.473528623580933
111/i500_8.plc, 23.173001766204834, 21.1378436088562, 19.981310844421387, 18.877828359603882
111/i500_9.plc, 16.291186571121216, 16.75359058380127, 15.792397260665894, 14.700792789459229
111/i500_10.plc, 18.694881439208984, 16.197455167770386, 14.450661182403564, 15.384702444076538
111/i500_11.plc, 13.410633087158203, 13.731620788574219, 12.267995357513428, 12.935687780380249
111/i500_12.plc, 13.31992793083191, 15.654462814331055, 14.051331281661987, 14.841262102127075
111/i500_13.plc, 14.964951038360596, 13.864723443984985, 11.7926766872406, 11.763634443283081
111/i500_14.plc, 14.733188152313232, 16.29010033607483, 15.250652313232422, 14.339133501052856
111/i500_15.plc, 13.762521743774414, 14.873939275741577, 12.420559883117676, 12.451902389526367
111/i500_16.plc, 18.283527851104736, 18.0217547416687, 16.32220721244812, 15.260611534118652
111/i500_17.plc, 265.18972873687744, 32.32742929458618, 26.928987741470337, 25.417256593704224
111/i500_18.plc, 40.32361125946045, 25.47871685028076, 24.034656286239624, 23.287039279937744
111/i500_19.plc, 16.597667932510376, 16.967202186584473, 14.330120086669922, 15.184294939041138
111/i500_20.plc, 15.701583862304688, 16.19318437576294, 14.367859601974487, 14.968738794326782
111/Avg time, 31.430734586715698, 17.963131415843964, 15.899349129199981, 15.843274962902068
111/Med time, 16.862343549728394, 16.52184545993805, 14.62768292427063, 15.07651686668396
111/Max time, 265.18972873687744, 32.32742929458618, 26.928987741470337, 25.417256593704224
112/i500_1.plc, 60.72589612007141, 18.67426347732544, 16.048000812530518, 16.775207042694092
112/i500_2.plc, 16.497108936309814, 17.037388563156128, 14.928043603897095, 15.570607662200928
112/i500_3.plc, 62.52784490585327, 28.265151977539062, 22.094107389450073, 22.046293020248413
112/i500_4.plc, 17.76428771018982, 18.12410068511963, 17.712934017181396, 16.839942693710327
112/i500_5.plc, 17.83442449569702, 14.221014738082886, 13.257509469985962, 13.854308843612671
112/i500_6.plc, 18.9373562335968, 17.27936816215515, 17.218735218048096, 16.22171139717102
112/i500_7.plc, 17.784664392471313, 15.309191703796387, 14.476906776428223, 13.53921890258789
112/i500_8.plc, 17.25172233581543, 15.157702684402466, 13.930496454238892, 14.710252285003662
112/i500_9.plc, 15.909775257110596, 15.987374782562256, 15.578092575073242, 14.788502931594849
112/i500_10.plc, 17.525694847106934, 16.925543308258057, 14.681156873703003, 15.379848957061768
112/i500_11.plc, 62.00763726234436, 24.72290587425232, 21.550487756729126, 22.24261975288391
112/i500_12.plc, 15.518181562423706, 17.23607563972473, 15.782620906829834, 15.245503187179565
112/i500_13.plc, 15.08789873123169, 14.998956680297852, 13.912353277206421, 12.901546239852905
112/i500_14.plc, 15.676342010498047, 15.395801782608032, 13.47750186920166, 14.326864957809448
112/i500_15.plc, 17.276859521865845, 14.748678922653198, 14.520825624465942, 13.423715114593506
112/i500_16.plc, 16.442772150039673, 15.535983085632324, 14.431317806243896, 15.1661376953125
112/i500_17.plc, 21.10869002342224, 18.07264518737793, 17.137098789215088, 17.875558137893677
112/i500_18.plc, 15.064547300338745, 13.158149719238281, 11.81737208366394, 12.687929630279541
112/i500_19.plc, 18.690145254135132, 15.814159631729126, 14.566498756408691, 15.43458867073059
112/i500_20.plc, 15.812817096710205, 16.458841800689697, 16.25821805000305, 15.151856184005737
112/Avg time, 23.772233307361603, 17.15616492033005, 15.669013905525208, 15.70911066532135
112/Med time, 17.40127718448639, 16.223108291625977, 14.804600238800049, 15.205820441246033
112/Max time, 62.52784490585327, 28.265151977539062, 22.094107389450073, 22.24261975288391
121/i500_1.plc, 116.94051790237427, 19.619027376174927, 18.599320650100708, 17.49375820159912
121/i500_2.plc, 14.461849212646484, 16.832857608795166, 14.936030387878418, 15.549471139907837
121/i500_3.plc, 19.978206396102905, 18.810409545898438, 18.19547748565674, 17.123299598693848
121/i500_4.plc, 16.700526475906372, 19.177643537521362, 18.34145975112915, 16.723902702331543
121/i500_5.plc, 18.169569492340088, 15.346519231796265, 14.896000623703003, 13.758109331130981
121/i500_6.plc, 153.53355860710144, 22.75154209136963, 21.542606353759766, 20.18815040588379
121/i500_7.plc, 36.78449368476868, 18.721601247787476, 18.09678030014038, 16.751356840133667
121/i500_8.plc, 16.482593536376953, 15.671151161193848, 15.621683120727539, 14.684528112411499
121/i500_9.plc, 15.682554006576538, 17.276061058044434, 16.385667085647583, 14.831833362579346
121/i500_10.plc, 17.556023120880127, 17.08078694343567, 14.760437726974487, 15.566001415252686
121/i500_11.plc, 15.624540567398071, 14.981681108474731, 14.213571548461914, 12.94019103050232
121/i500_12.plc, 16.03179931640625, 16.830525159835815, 16.370522499084473, 15.101538181304932
121/i500_13.plc, 16.65081524848938, 14.256645679473877, 13.903149366378784, 12.73913836479187
121/i500_14.plc, 135.80114698410034, 31.812777996063232, 31.122882604599, 30.021387100219727
121/i500_15.plc, 15.975196838378906, 14.620347261428833, 14.540079832077026, 13.434041738510132
121/i500_16.plc, 18.323115348815918, 16.313350200653076, 14.78664779663086, 15.161643505096436
121/i500_17.plc, 18.90184998512268, 19.68755555152893, 18.86023497581482, 17.62692666053772
121/i500_18.plc, 17.088839769363403, 14.221530675888062, 13.908252000808716, 12.847776174545288
121/i500_19.plc, 17.169872760772705, 16.892857789993286, 16.553321361541748, 15.395506381988525
121/i500_20.plc, 15.931895971298218, 16.95874309539795, 16.58329963684082, 15.31942629814148
121/Avg time, 35.689448261260985, 17.89318071603775, 17.110871255397797, 16.162899327278136
121/Med time, 17.129356265068054, 16.925800442695618, 16.378094792366028, 15.357466340065002
121/Max time, 153.53355860710144, 31.812777996063232, 31.122882604599, 30.021387100219727
201/i500_1.plc, 15.754146814346313, 13.228557586669922, 12.20155382156372, 12.6779944896698
201/i500_2.plc, 13.821877241134644, 15.379302263259888, 14.565761804580688, 14.556137084960938
201/i500_3.plc, 18.98946762084961, 16.9256854057312, 15.89855694770813, 15.86952257156372
201/i500_4.plc, 18.226914405822754, 16.956716060638428, 16.21350073814392, 16.078715562820435
201/i500_5.plc, 16.29080891609192, 14.016436100006104, 12.674858093261719, 13.369181394577026
201/i500_6.plc, 15.024631977081299, 16.473755598068237, 15.06886887550354, 15.94173264503479
201/i500_7.plc, 13.480005264282227, 13.520595073699951, 12.559317588806152, 13.199562311172485
201/i500_8.plc, 14.401307821273804, 14.63064193725586, 13.573965072631836, 14.231980800628662
201/i500_9.plc, 16.029865980148315, 14.623026847839355, 13.748841762542725, 14.45384407043457
201/i500_10.plc, 18.027758598327637, 15.422133684158325, 14.650862693786621, 15.068754434585571
201/i500_11.plc, 13.008387088775635, 12.921857118606567, 12.108417272567749, 12.730331659317017
201/i500_12.plc, 12.423636198043823, 15.418766260147095, 14.345507621765137, 14.736636638641357
201/i500_13.plc, 14.32661747932434, 13.050854206085205, 11.660106420516968, 12.356298685073853
201/i500_14.plc, 14.720430612564087, 14.616050958633423, 13.588422536849976, 13.860058546066284
201/i500_15.plc, 16.104055643081665, 13.524382829666138, 12.249004125595093, 12.285432577133179
201/i500_16.plc, 14.195832967758179, 15.152288675308228, 14.27945590019226, 14.894867420196533
201/i500_17.plc, 19.34830379486084, 18.571642875671387, 16.96258783340454, 17.830708503723145
201/i500_18.plc, 14.548349857330322, 13.096959590911865, 11.579068660736084, 11.624178171157837
201/i500_19.plc, 15.93267297744751, 15.510516166687012, 14.47109079360962, 14.88426399230957
201/i500_20.plc, 13.35265851020813, 15.618643283843994, 14.393949508666992, 14.992867231369019
201/Avg time, 15.400386488437652, 14.93294062614441, 13.839684903621674, 14.282153439521789
201/Med time, 14.872531294822693, 14.891465306282043, 14.014148831367493, 14.504990577697754
201/Max time, 19.34830379486084, 18.571642875671387, 16.96258783340454, 17.830708503723145
210/i500_1.plc, 15.060898780822754, 13.611630201339722, 12.202423095703125, 12.906508445739746
210/i500_2.plc, 16.27867817878723, 15.737766742706299, 14.69989538192749, 14.631720066070557
210/i500_3.plc, 16.79125738143921, 17.43540668487549, 15.947021245956421, 15.898228168487549
210/i500_4.plc, 14.78031039237976, 17.004292964935303, 16.089781045913696, 16.865917444229126
210/i500_5.plc, 13.718848943710327, 13.978277444839478, 12.735373497009277, 12.812864065170288
210/i500_6.plc, 18.47715735435486, 16.519360542297363, 15.260096549987793, 16.06777334213257
210/i500_7.plc, 13.843862771987915, 13.6605064868927, 12.638665676116943, 13.48041582107544
210/i500_8.plc, 15.063493490219116, 14.864459753036499, 13.762986183166504, 14.615001916885376
210/i500_9.plc, 14.17442512512207, 14.838175296783447, 13.96309208869934, 14.834410905838013
210/i500_10.plc, 17.70030188560486, 15.542158126831055, 14.562630891799927, 15.380465984344482
210/i500_11.plc, 13.20489501953125, 13.461808443069458, 12.038844108581543, 12.951789855957031
210/i500_12.plc, 15.509835004806519, 15.350651264190674, 14.235707759857178, 15.067562818527222
210/i500_13.plc, 14.851489782333374, 13.088072299957275, 11.738460302352905, 12.68264627456665
210/i500_14.plc, 13.373008728027344, 14.704417705535889, 13.722285032272339, 14.305473804473877
210/i500_15.plc, 13.627379655838013, 13.67559266090393, 12.223397731781006, 12.317662477493286
210/i500_16.plc, 16.233961582183838, 15.28279423713684, 14.040712356567383, 14.852858066558838
210/i500_17.plc, 18.171313047409058, 18.223232984542847, 17.4242103099823, 18.111737966537476
210/i500_18.plc, 15.830848455429077, 13.10116195678711, 11.757400035858154, 12.698909997940063
210/i500_19.plc, 16.473817110061646, 18.791430473327637, 17.85089111328125, 18.372050285339355
210/i500_20.plc, 13.75049090385437, 15.659035444259644, 14.232469081878662, 15.087778329849243
210/Avg time, 15.34581367969513, 15.226511585712434, 14.056317174434662, 14.69708880186081
210/Med time, 15.062196135520935, 15.07362699508667, 14.001902222633362, 14.733065485954285
210/Max time, 18.47715735435486, 18.791430473327637, 17.85089111328125, 18.372050285339355
211/i500_1.plc, 13.050261974334717, 13.33371114730835, 12.114018440246582, 12.890631198883057
211/i500_2.plc, 15.864866256713867, 16.11107873916626, 14.760810613632202, 14.697714567184448
211/i500_3.plc, 17.19562339782715, 17.121984004974365, 15.871693134307861, 15.90112853050232
211/i500_4.plc, 17.24630045890808, 16.919275283813477, 15.782501220703125, 16.534999132156372
211/i500_5.plc, 14.525067806243896, 17.001872777938843, 15.92709755897522, 15.837414741516113
211/i500_6.plc, 18.69641351699829, 16.35511016845703, 15.028558254241943, 15.861537456512451
211/i500_7.plc, 14.263933897018433, 13.600002527236938, 12.535330295562744, 13.331380605697632
211/i500_8.plc, 39.21397280693054, 18.147369384765625, 16.79294443130493, 17.719547986984253
211/i500_9.plc, 16.95772624015808, 14.756337404251099, 13.859447956085205, 14.651835680007935
211/i500_10.plc, 20.4000027179718, 15.486598253250122, 14.395934104919434, 15.210643768310547
211/i500_11.plc, 16.741020441055298, 13.209195852279663, 12.063141107559204, 12.892769813537598
211/i500_12.plc, 12.826863527297974, 15.107770919799805, 13.967036247253418, 14.869690895080566
211/i500_13.plc, 14.897143363952637, 12.935455799102783, 11.700992107391357, 11.683583974838257
211/i500_14.plc, 14.931431531906128, 14.595839023590088, 13.553495407104492, 14.20765233039856
211/i500_15.plc, 13.543426036834717, 13.492458581924438, 12.140118598937988, 12.167362451553345
211/i500_16.plc, 16.447664499282837, 18.507400512695312, 17.306257009506226, 17.88456654548645
211/i500_17.plc, 18.342146158218384, 17.65638279914856, 16.974547863006592, 17.673202514648438
211/i500_18.plc, 16.543310403823853, 13.064058542251587, 11.672188520431519, 12.60994291305542
211/i500_19.plc, 16.446690320968628, 15.605211973190308, 14.724218606948853, 15.332409381866455
211/i500_20.plc, 15.264252185821533, 15.352851629257202, 14.164132833480835, 14.990844488143921
211/Avg time, 17.169905877113344, 15.417998266220092, 14.266723215579987, 14.847442948818207
211/Med time, 16.447177410125732, 15.419724941253662, 14.280033469200134, 14.930267691612244
211/Max time, 39.21397280693054, 18.507400512695312, 17.306257009506226, 17.88456654548645
001/i700_1.plc, 48.61919140815735, 41.53263568878174, 37.95364475250244, 39.36155676841736
001/i700_2.plc, 61.16480803489685, 51.03481149673462, 49.65692639350891, 51.27991557121277
001/i700_3.plc, 52.779622316360474, 44.288580894470215, 40.44928812980652, 43.504918575286865
001/i700_4.plc, 41.81412172317505, 31.436152458190918, 29.62772250175476, 30.25039267539978
001/i700_5.plc, 47.83471083641052, 35.82336473464966, 34.41048812866211, 34.58170819282532
001/i700_6.plc, 42.5186550617218, 32.40589237213135, 31.543806791305542, 32.19368553161621
001/i700_7.plc, 43.233975648880005, 36.0134220123291, 33.002612352371216, 34.68664789199829
001/i700_8.plc, 41.14355659484863, 36.92918562889099, 34.68418788909912, 34.78369951248169
001/i700_9.plc, 43.44944214820862, 42.31320142745972, 42.10935401916504, 41.45886445045471
001/i700_10.plc, 40.126810789108276, 32.81274890899658, 30.964317321777344, 32.614967346191406
001/i700_11.plc, 68.61422348022461, 63.209657430648804, 62.625415086746216, 63.5807147026062
001/i700_12.plc, 35.97601342201233, 31.261045932769775, 29.2196307182312, 30.60484528541565
001/i700_13.plc, 44.133851289749146, 37.8504204750061, 35.75049614906311, 36.422075271606445
001/i700_14.plc, 46.37063908576965, 32.70906662940979, 30.99994659423828, 31.90060567855835
001/i700_15.plc, 40.84476375579834, 31.33338737487793, 28.571540355682373, 30.09997868537903
001/i700_16.plc, 39.162668228149414, 30.161893367767334, 27.235828161239624, 28.44512414932251
001/i700_17.plc, 39.24734592437744, 34.59333252906799, 32.9527063369751, 34.26407241821289
001/i700_18.plc, 40.20029950141907, 34.03956699371338, 32.224294900894165, 31.706895112991333
001/i700_19.plc, 41.32456064224243, 29.059976816177368, 27.231058359146118, 28.227540493011475
001/i700_20.plc, 43.40138792991638, 34.65088987350464, 31.37444519996643, 32.12968301773071
001/Avg time, 45.09803239107132, 37.1729616522789, 35.12938550710678, 36.10489456653595
001/Med time, 42.8763153553009, 34.622111201286316, 32.58850061893463, 33.43951988220215
001/Max time, 68.61422348022461, 63.209657430648804, 62.625415086746216, 63.5807147026062
010/i700_1.plc, 618.4275541305542, 52.80959868431091, 48.09707164764404, 48.93171429634094
010/i700_2.plc, inf, 65.0297999382019, 60.29086756706238, 62.16678857803345
010/i700_3.plc, 49.125595808029175, 45.20983576774597, 41.86468458175659, 43.35919523239136
010/i700_4.plc, inf, 55.873944997787476, 44.34079194068909, 44.30026030540466
010/i700_5.plc, 65.99101710319519, 47.41879439353943, 46.17437791824341, 43.60049653053284
010/i700_6.plc, 38.83978986740112, 35.42689514160156, 34.54497456550598, 33.33826446533203
010/i700_7.plc, 40.17472958564758, 37.51088905334473, 34.91114950180054, 34.715614557266235
010/i700_8.plc, 34.72758197784424, 39.51385498046875, 36.74320721626282, 35.78471064567566
010/i700_9.plc, 260.81082558631897, 48.20840096473694, 43.95971655845642, 44.15424942970276
010/i700_10.plc, 230.81257939338684, 49.618852853775024, 44.89800429344177, 46.195414304733276
010/i700_11.plc, 64.6924946308136, 68.78498029708862, 60.84410834312439, 63.10526657104492
010/i700_12.plc, 36.10032081604004, 33.822160959243774, 31.791680574417114, 31.308281898498535
010/i700_13.plc, 577.800705909729, 68.05287384986877, 61.51681351661682, 56.70266795158386
010/i700_14.plc, 81.28476095199585, 44.620511054992676, 41.65048694610596, 41.66480255126953
010/i700_15.plc, 397.0437557697296, 56.208898305892944, 51.61526870727539, 52.631770610809326
010/i700_16.plc, 34.886425495147705, 32.502031087875366, 30.35039734840393, 29.35503911972046
010/i700_17.plc, inf, 75.67343854904175, 68.20489931106567, 75.51802921295166
010/i700_18.plc, 540.432243347168, 53.833147287368774, 51.33990406990051, 47.70904231071472
010/i700_19.plc, inf, 79.03526663780212, 81.51173615455627, 73.99101901054382
010/i700_20.plc, 40.340755224227905, 36.794703245162964, 33.6026394367218, 32.996487617492676
010/Avg time, 395.57455677986144, 51.297443902492525, 47.41263900995254, 47.07645576000213
010/Med time, 156.04867017269135, 48.91362690925598, 44.61939811706543, 44.22725486755371
010/Max time, inf, 79.03526663780212, 81.51173615455627, 75.51802921295166
011/i700_1.plc, 48.07016181945801, 41.95709562301636, 39.805567502975464, 39.651989459991455
011/i700_2.plc, 94.9042649269104, 53.38845443725586, 50.01244306564331, 48.44813251495361
011/i700_3.plc, 50.227721214294434, 44.64816951751709, 43.13938808441162, 42.459556341171265
011/i700_4.plc, 39.15501856803894, 34.74856090545654, 32.6975576877594, 31.00789785385132
011/i700_5.plc, 73.9711332321167, 47.05359864234924, 47.208268880844116, 46.64106106758118
011/i700_6.plc, 164.95902633666992, 51.79669189453125, 49.384671211242676, 47.8169949054718
011/i700_7.plc, 42.43693137168884, 35.76711440086365, 34.95272731781006, 34.27234196662903
011/i700_8.plc, inf, 48.26434373855591, 47.2418110370636, 45.76983880996704
011/i700_9.plc, 660.6584377288818, 45.455209493637085, 45.64691519737244, 45.01164245605469
011/i700_10.plc, 770.2064311504364, 50.65885543823242, 47.50883412361145, 46.330477714538574
011/i700_11.plc, 68.47966504096985, 68.52769804000854, 68.15547394752502, 67.56621384620667
011/i700_12.plc, 392.5246253013611, 53.18982911109924, 54.40273427963257, 54.413177490234375
011/i700_13.plc, 767.5979664325714, 54.876038789749146, 51.45993685722351, 50.45568776130676
011/i700_14.plc, 43.048978328704834, 33.67179989814758, 33.30766773223877, 32.75106501579285
011/i700_15.plc, 40.06982421875, 32.010549783706665, 31.41503357887268, 30.25771975517273
011/i700_16.plc, 38.10014057159424, 31.369678020477295, 30.701789379119873, 29.098092079162598
011/i700_17.plc, 40.95318126678467, 36.52574682235718, 35.839056730270386, 34.28916931152344
011/i700_18.plc, 246.30823922157288, 39.59015989303589, 38.4268057346344, 37.255335092544556
011/i700_19.plc, 715.249175786972, 66.66107153892517, 62.860042572021484, 61.55973482131958
011/i700_20.plc, 47.1552517414093, 34.62119221687317, 33.60354948043823, 32.56698393821716
011/Avg time, 277.2038087129593, 45.23909291028976, 43.888513720035554, 42.881155610084534
011/Med time, 71.22539913654327, 45.05168950557709, 44.39315164089203, 43.735599398612976
011/Max time, inf, 68.52769804000854, 68.15547394752502, 67.56621384620667
012/i700_1.plc, 633.9619410037994, 51.87075757980347, 49.896324634552, 48.96787214279175
012/i700_2.plc, 57.586405754089355, 54.8928861618042, 53.151580572128296, 51.77634954452515
012/i700_3.plc, 65.77982878684998, 44.10261797904968, 42.92960166931152, 42.1345112323761
012/i700_4.plc, 436.44789147377014, 37.9517138004303, 36.27998447418213, 35.22373390197754
012/i700_5.plc, 45.61378788948059, 36.2510781288147, 38.17209196090698, 37.35347080230713
012/i700_6.plc, 39.599733114242554, 34.412302017211914, 34.20923900604248, 32.821637868881226
012/i700_7.plc, 38.941630601882935, 36.49958419799805, 36.978068828582764, 35.60628414154053
012/i700_8.plc, 36.955450773239136, 37.936134576797485, 37.76815176010132, 36.460628032684326
012/i700_9.plc, 474.93964290618896, 53.862480878829956, 53.73939609527588, 52.92402982711792
012/i700_10.plc, 131.70019936561584, 42.18051218986511, 40.21119475364685, 38.91803431510925
012/i700_11.plc, 66.41324996948242, 62.62616562843323, 64.73142290115356, 63.106964111328125
012/i700_12.plc, 33.71012830734253, 31.67110824584961, 31.515995979309082, 31.026632070541382
012/i700_13.plc, 40.77923035621643, 39.008647441864014, 38.25922465324402, 36.848992109298706
012/i700_14.plc, 1188.1590778827667, 42.00323939323425, 41.44678211212158, 40.440088748931885
012/i700_15.plc, 100.28964424133301, 46.19819641113281, 45.001476526260376, 44.19307827949524
012/i700_16.plc, 37.467164516448975, 30.217118978500366, 29.62839984893799, 28.531312942504883
012/i700_17.plc, 379.38198924064636, 47.62364053726196, 46.79151678085327, 45.15306544303894
012/i700_18.plc, 255.66157841682434, 44.571937799453735, 43.735023498535156, 42.2833206653595
012/i700_19.plc, inf, 58.0442955493927, 48.409656286239624, 47.99458360671997
012/i700_20.plc, 44.25969743728638, 34.659117221832275, 32.78620958328247, 32.10989427566528
012/Avg time, 265.3824136018753, 43.329176735877994, 42.28206709623337, 41.19372420310974
012/Med time, 66.0965393781662, 42.09187579154968, 40.828988432884216, 39.67906153202057
012/Max time, inf, 62.62616562843323, 64.73142290115356, 63.106964111328125
021/i700_1.plc, 368.11976385116577, 55.21677112579346, 52.52555966377258, 51.54224157333374
021/i700_2.plc, 83.68664932250977, 53.74321436882019, 52.11466026306152, 49.66314721107483
021/i700_3.plc, 153.97324109077454, 40.48916220664978, 39.01615309715271, 38.224656105041504
021/i700_4.plc, 146.19656920433044, 38.50690507888794, 36.196861267089844, 34.69585704803467
021/i700_5.plc, 378.50826144218445, 53.40847730636597, 48.414331674575806, 47.40100431442261
021/i700_6.plc, 121.87392330169678, 51.83845520019531, 47.671826124191284, 45.61331295967102
021/i700_7.plc, 43.55474400520325, 35.87396550178528, 33.884461402893066, 35.73269963264465
021/i700_8.plc, 37.22114872932434, 37.37690830230713, 34.78013300895691, 36.36452078819275
021/i700_9.plc, 550.7259433269501, 48.28376221656799, 46.743581771850586, 44.61459279060364
021/i700_10.plc, 39.005048513412476, 33.313257932662964, 32.261794567108154, 31.84717059135437
021/i700_11.plc, 98.78078293800354, 72.0330605506897, 65.96875333786011, 64.94730806350708
021/i700_12.plc, 38.158236026763916, 31.920904636383057, 29.742591619491577, 30.635595083236694
021/i700_13.plc, inf, 57.162195920944214, 61.02488470077515, 60.69326400756836
021/i700_14.plc, 995.2098753452301, 50.20606589317322, 48.12512803077698, 48.10174059867859
021/i700_15.plc, 365.27958369255066, 52.09633255004883, 48.19794416427612, 46.8895001411438
021/i700_16.plc, 190.88174295425415, 36.05966639518738, 33.668694496154785, 34.9942352771759
021/i700_17.plc, 38.468780279159546, 36.97555065155029, 36.18536043167114, 34.42939257621765
021/i700_18.plc, 43.58940601348877, 33.8922975063324, 34.26001167297363, 33.20516872406006
021/i700_19.plc, 37.76870846748352, 30.026485443115234, 29.50325632095337, 28.180808782577515
021/i700_20.plc, 43.162107706069946, 35.65882754325867, 34.05672550201416, 32.78309607505798
021/Avg time, 248.7082258105278, 44.20411331653595, 42.21713565587997, 41.52796561717987
021/Med time, 110.32735311985016, 39.49803364276886, 37.60650718212128, 37.29458844661713
021/Max time, inf, 72.0330605506897, 65.96875333786011, 64.94730806350708
100/i700_1.plc, 33.741196393966675, 40.178027868270874, 38.20308756828308, 39.52265191078186
100/i700_2.plc, 48.85352277755737, 49.83899927139282, 47.01901865005493, 49.318957567214966
100/i700_3.plc, 42.125134229660034, 43.39022517204285, 40.73907470703125, 43.52383875846863
100/i700_4.plc, 26.831247568130493, 31.77731227874756, 30.498250246047974, 30.306686639785767
100/i700_5.plc, 34.57718062400818, 35.901166677474976, 34.84907102584839, 34.782793045043945
100/i700_6.plc, 27.28416109085083, 32.55036282539368, 31.56742787361145, 32.12983465194702
100/i700_7.plc, 28.259018421173096, 35.140305280685425, 33.03252959251404, 34.80981945991516
100/i700_8.plc, 26.371328353881836, 36.83248949050903, 34.77463459968567, 34.89500856399536
100/i700_9.plc, 30.705816507339478, 42.27985072135925, 41.93944334983826, 41.82988429069519
100/i700_10.plc, 27.508267641067505, 32.58749341964722, 30.752183437347412, 32.79994606971741
100/i700_11.plc, 56.995235204696655, 61.04708528518677, 59.19460344314575, 62.59298062324524
100/i700_12.plc, 27.2170627117157, 32.05411672592163, 29.79852843284607, 30.370584964752197
100/i700_13.plc, 30.095458984375, 37.190277099609375, 35.72718596458435, 36.79990863800049
100/i700_14.plc, 30.868072748184204, 32.47482490539551, 31.463260173797607, 32.02545785903931
100/i700_15.plc, 28.488165616989136, 31.88838028907776, 29.160999059677124, 30.537667274475098
100/i700_16.plc, 26.19805073738098, 29.73965573310852, 27.420658111572266, 28.615734338760376
100/i700_17.plc, 26.984362840652466, 35.063435554504395, 33.649868965148926, 34.42595386505127
100/i700_18.plc, 27.85285258293152, 33.69681358337402, 32.1633358001709, 31.95961022377014
100/i700_19.plc, 25.64255952835083, 29.694713592529297, 27.78754734992981, 28.28083872795105
100/i700_20.plc, 30.673221349716187, 33.51890683174133, 31.419671773910522, 32.130295515060425
100/Avg time, 31.863595795631408, 36.842222130298616, 35.05801900625229, 36.08292264938355
100/Med time, 28.373592019081116, 34.38012456893921, 32.59793269634247, 33.61294996738434
100/Max time, 56.995235204696655, 61.04708528518677, 59.19460344314575, 62.59298062324524
101/i700_1.plc, 39.70171642303467, 40.38487386703491, 37.77826166152954, 39.61326241493225
101/i700_2.plc, 52.79099488258362, 51.279744148254395, 49.85471796989441, 51.45760917663574
101/i700_3.plc, 44.48891997337341, 43.846118211746216, 40.40705060958862, 43.46617889404297
101/i700_4.plc, 32.501662731170654, 31.269903659820557, 29.60136604309082, 30.372072458267212
101/i700_5.plc, 38.72443199157715, 35.68133783340454, 34.418150663375854, 34.74817943572998
101/i700_6.plc, 32.816585063934326, 32.57773494720459, 31.510315656661987, 32.0831515789032
101/i700_7.plc, 33.828774213790894, 35.197200536727905, 33.15467095375061, 34.69859552383423
101/i700_8.plc, 28.66680359840393, 36.72105574607849, 34.52061223983765, 35.0276894569397
101/i700_9.plc, 37.76802635192871, 42.7579882144928, 41.97000575065613, 41.67851758003235
101/i700_10.plc, 29.647636890411377, 32.41452980041504, 30.655484914779663, 32.76045608520508
101/i700_11.plc, 60.484882831573486, 61.92319917678833, 61.810460805892944, 63.24703311920166
101/i700_12.plc, 28.862390995025635, 31.32640290260315, 29.41537380218506, 30.65190100669861
101/i700_13.plc, 35.60409092903137, 37.40002202987671, 35.907550573349, 36.851523876190186
101/i700_14.plc, 39.260501861572266, 32.665513038635254, 31.139584064483643, 32.139201402664185
101/i700_15.plc, 34.062602281570435, 31.304996490478516, 28.693469762802124, 30.42518901824951
101/i700_16.plc, 31.954896211624146, 29.78777813911438, 27.666722297668457, 28.936795711517334
101/i700_17.plc, 36.77652144432068, 34.92397475242615, 33.40647625923157, 34.487956523895264
101/i700_18.plc, 33.36823797225952, 34.38222861289978, 32.43708944320679, 31.979851245880127
101/i700_19.plc, 31.125774145126343, 29.387710571289062, 27.552618265151978, 28.43550181388855
101/i700_20.plc, 39.15003061294556, 33.82950782775879, 31.74439787864685, 32.228007555007935
101/Avg time, 37.07927407026291, 36.95309102535248, 35.18221898078919, 36.264433693885806
101/Med time, 34.8333466053009, 34.653101682662964, 32.7958801984787, 33.62420630455017
101/Max time, 60.484882831573486, 61.92319917678833, 61.810460805892944, 63.24703311920166
110/i700_1.plc, 39.497992753982544, 45.76910638809204, 46.009395599365234, 40.33038353919983
110/i700_2.plc, 54.47759699821472, 62.57503890991211, 60.70009708404541, 53.87259268760681
110/i700_3.plc, 44.32192039489746, 44.84657621383667, 42.23388481140137, 43.91422462463379
110/i700_4.plc, 29.7829327583313, 35.840094327926636, 35.765008211135864, 30.844930171966553
110/i700_5.plc, 36.949424266815186, 40.16525220870972, 39.53213047981262, 35.743003129959106
110/i700_6.plc, 33.43144369125366, 33.00836992263794, 30.92195463180542, 32.73326516151428
110/i700_7.plc, 34.80553150177002, 35.73233222961426, 33.53280162811279, 34.89055562019348
110/i700_8.plc, 33.23566222190857, 51.49231839179993, 51.00752234458923, 44.412832736968994
110/i700_9.plc, 37.24078965187073, 42.020877838134766, 41.623207569122314, 43.19649577140808
110/i700_10.plc, 33.27849984169006, 33.251176595687866, 31.844902276992798, 33.508387088775635
110/i700_11.plc, 59.861167907714844, 63.00984454154968, 62.46916747093201, 63.963080644607544
110/i700_12.plc, 33.17879676818848, 36.02662515640259, 35.76381587982178, 30.99182677268982
110/i700_13.plc, 37.737921476364136, 46.27164340019226, 43.71699666976929, 44.95440316200256
110/i700_14.plc, 37.10871624946594, 43.9829683303833, 43.91459798812866, 39.61407971382141
110/i700_15.plc, 35.64570760726929, 31.829898357391357, 29.151602268218994, 30.752289056777954
110/i700_16.plc, 32.86673855781555, 31.45851159095764, 29.296151876449585, 29.231810808181763
110/i700_17.plc, 33.490057706832886, 36.5909321308136, 33.078208923339844, 34.75728487968445
110/i700_18.plc, 30.382102012634277, 33.37433338165283, 31.478606462478638, 33.49237418174744
110/i700_19.plc, 31.57742929458618, 35.806047201156616, 33.634204387664795, 35.354663610458374
110/i700_20.plc, 32.83413767814636, 37.00396490097046, 36.441056966781616, 33.20987582206726
110/Avg time, 37.08522846698761, 41.00279560089111, 39.605765676498415, 38.48841795921326
110/Med time, 34.14779460430145, 36.79744851589203, 36.10303258895874, 35.12260961532593
110/Max time, 59.861167907714844, 63.00984454154968, 62.46916747093201, 63.963080644607544
111/i700_1.plc, 43.76209306716919, 51.08930253982544, 51.492719411849976, 48.276775598526
111/i700_2.plc, 53.46227025985718, 55.15611219406128, 56.05655384063721, 53.06042838096619
111/i700_3.plc, 45.805689334869385, 48.055073976516724, 46.55402612686157, 43.283568143844604
111/i700_4.plc, 34.43839502334595, 35.89208269119263, 34.832090616226196, 30.67668342590332
111/i700_5.plc, 64.11149263381958, 44.247822284698486, 40.33113360404968, 42.002400636672974
111/i700_6.plc, 33.97734236717224, 33.33866262435913, 31.133713245391846, 32.84850525856018
111/i700_7.plc, 35.474807024002075, 38.55606961250305, 38.52470016479492, 35.462613105773926
111/i700_8.plc, 37.246148109436035, 43.563897371292114, 41.3467493057251, 42.61484503746033
111/i700_9.plc, 33.385143518447876, 47.04479622840881, 45.428302526474, 42.00836396217346
111/i700_10.plc, 37.231547117233276, 37.12700414657593, 36.11038017272949, 33.15590000152588
111/i700_11.plc, 63.17610001564026, 66.48723554611206, 68.71834635734558, 65.19727039337158
111/i700_12.plc, 36.36241149902344, 34.73333382606506, 34.51396870613098, 31.245338201522827
111/i700_13.plc, 36.5239896774292, 41.637877464294434, 40.95446753501892, 37.23483371734619
111/i700_14.plc, 40.563177824020386, 36.984386682510376, 36.31659984588623, 31.95747137069702
111/i700_15.plc, 35.4112389087677, 31.230924367904663, 29.409509658813477, 30.661848783493042
111/i700_16.plc, 37.41603708267212, 32.85843634605408, 32.81615138053894, 29.48709750175476
111/i700_17.plc, 33.18681621551514, 36.31360054016113, 32.693609952926636, 34.22599148750305
111/i700_18.plc, 36.06777024269104, 33.57820916175842, 31.062215089797974, 32.596115827560425
111/i700_19.plc, 32.36263728141785, 32.94525694847107, 32.48519539833069, 29.036515951156616
111/i700_20.plc, 37.99190592765808, 33.892313957214355, 31.642279863357544, 33.1201913356781
111/Avg time, 40.3978506565094, 40.736619925498964, 39.621135640144345, 37.90763790607453
111/Med time, 36.87776839733124, 37.05569541454315, 36.21349000930786, 33.690945744514465
111/Max time, 64.11149263381958, 66.48723554611206, 68.71834635734558, 65.19727039337158
112/i700_1.plc, 40.47336030006409, 42.42645883560181, 42.67197394371033, 39.46807336807251
112/i700_2.plc, 54.3703818321228, 53.458303451538086, 52.21553373336792, 50.105379819869995
112/i700_3.plc, 48.115997076034546, 44.541569232940674, 41.61129879951477, 43.292728424072266
112/i700_4.plc, 35.89197039604187, 31.290329933166504, 29.210458040237427, 30.79810333251953
112/i700_5.plc, 42.41505551338196, 39.309874057769775, 39.38416409492493, 36.17111301422119
112/i700_6.plc, 30.19581961631775, 36.604827642440796, 36.11393737792969, 32.81293034553528
112/i700_7.plc, 37.84417128562927, 45.172059535980225, 45.62883424758911, 41.75882625579834
112/i700_8.plc, 595.5482313632965, 50.66644072532654, 47.4778938293457, 49.22331476211548
112/i700_9.plc, 38.1901216506958, 45.97889304161072, 44.61128497123718, 41.37851881980896
112/i700_10.plc, 33.92891478538513, 35.66248369216919, 36.01946496963501, 33.5480899810791
112/i700_11.plc, 61.02833890914917, 64.37529420852661, 57.533098220825195, 59.37832999229431
112/i700_12.plc, 30.094591856002808, 33.87346911430359, 34.39922547340393, 31.71951699256897
112/i700_13.plc, 36.52801036834717, 40.52497601509094, 40.52410173416138, 37.904133319854736
112/i700_14.plc, 40.609047174453735, 33.64517283439636, 30.54914951324463, 32.353373289108276
112/i700_15.plc, 80.16835141181946, 40.91998887062073, 40.06938338279724, 37.205352783203125
112/i700_16.plc, 855.1207375526428, 45.98209738731384, 45.292787313461304, 42.30978178977966
112/i700_17.plc, 34.313955545425415, 35.56489038467407, 33.14772319793701, 34.899662733078
112/i700_18.plc, 30.96050214767456, 43.145153522491455, 43.328893423080444, 40.19986534118652
112/i700_19.plc, 32.04391932487488, 29.378360509872437, 27.526474952697754, 28.650210857391357
112/i700_20.plc, 243.7489140033722, 47.6224901676178, 48.1206533908844, 45.6791672706604
112/Avg time, 120.07951960563659, 42.007156658172605, 40.77181673049927, 39.4428236246109
112/Med time, 39.331740975379944, 41.67322385311127, 41.067700266838074, 38.68610334396362
112/Max time, 855.1207375526428, 64.37529420852661, 57.533098220825195, 59.37832999229431
121/i700_1.plc, 41.871328830718994, 42.9059476852417, 43.2452826499939, 39.87750816345215
121/i700_2.plc, 55.340412855148315, 56.02524924278259, 54.119375228881836, 50.6902756690979
121/i700_3.plc, 46.247971057891846, 48.96300387382507, 47.674283504486084, 44.550065994262695
121/i700_4.plc, 33.97496581077576, 42.299352407455444, 41.896162271499634, 37.9579017162323
121/i700_5.plc, 43.29728174209595, 47.68885278701782, 46.60602569580078, 42.773306369781494
121/i700_6.plc, 35.571635007858276, 37.63017463684082, 37.10408568382263, 33.16789698600769
121/i700_7.plc, 315.4748885631561, 56.479832887649536, 55.76055908203125, 52.09030604362488
121/i700_8.plc, 36.17336583137512, 40.661073446273804, 39.63646912574768, 36.03152394294739
121/i700_9.plc, 39.19380164146423, 48.19939708709717, 46.0581841468811, 42.467336893081665
121/i700_10.plc, 128.99425053596497, 49.36108374595642, 47.995957374572754, 44.634092807769775
121/i700_11.plc, 64.20708990097046, 67.85401773452759, 69.69770574569702, 66.0570502281189
121/i700_12.plc, 36.71302938461304, 35.926984786987305, 36.19193768501282, 31.621952295303345
121/i700_13.plc, 37.37765836715698, 41.89001393318176, 40.69474482536316, 37.31037664413452
121/i700_14.plc, 37.784483671188354, 36.34064960479736, 35.92445468902588, 31.99328351020813
121/i700_15.plc, 36.59465718269348, 35.1206955909729, 35.21368432044983, 30.968998908996582
121/i700_16.plc, 33.921961545944214, 34.29579448699951, 33.952030658721924, 29.505958795547485
121/i700_17.plc, 34.33234429359436, 45.93049478530884, 44.363102197647095, 40.8418128490448
121/i700_18.plc, 38.22158885002136, 37.844669818878174, 36.93786311149597, 33.11326026916504
121/i700_19.plc, 35.787682056427, 33.27009677886963, 33.078598737716675, 28.69156265258789
121/i700_20.plc, 40.86096405982971, 37.38335824012756, 36.95560884475708, 33.03725481033325
121/Avg time, 58.597068059444425, 43.80353717803955, 43.15530577898026, 39.3690862774849
121/Med time, 38.00303626060486, 42.0946831703186, 41.2954535484314, 37.63413918018341
121/Max time, 315.4748885631561, 67.85401773452759, 69.69770574569702, 66.0570502281189
201/i700_1.plc, 38.651753425598145, 40.39580416679382, 37.837990045547485, 39.595622062683105
201/i700_2.plc, 51.7805757522583, 50.23552370071411, 47.15232276916504, 49.15287661552429
201/i700_3.plc, 44.31102705001831, 43.2962121963501, 40.51150035858154, 43.666908502578735
201/i700_4.plc, 27.925255298614502, 31.621177434921265, 29.98747730255127, 30.51131534576416
201/i700_5.plc, 36.24685740470886, 35.806002378463745, 34.605249643325806, 35.04336929321289
201/i700_6.plc, 32.60615801811218, 32.75941205024719, 32.088292837142944, 32.35190939903259
201/i700_7.plc, 29.816322565078735, 35.92855668067932, 33.1555118560791, 35.101301431655884
201/i700_8.plc, 27.994728565216064, 36.89440131187439, 34.5413613319397, 35.22736620903015
201/i700_9.plc, 33.39922070503235, 42.447689056396484, 42.002816915512085, 41.71520638465881
201/i700_10.plc, 32.63799595832825, 32.28050398826599, 30.72842049598694, 32.69295787811279
201/i700_11.plc, 57.530054330825806, 60.78550910949707, 59.12260985374451, 62.67938017845154
201/i700_12.plc, 28.237754583358765, 31.676218271255493, 29.553280353546143, 30.5993754863739
201/i700_13.plc, 34.71885013580322, 37.123878479003906, 35.850569009780884, 36.72881627082825
201/i700_14.plc, 37.92603063583374, 32.81664776802063, 31.509525060653687, 31.99279808998108
201/i700_15.plc, 33.43511366844177, 31.446494817733765, 28.81419563293457, 30.3076012134552
201/i700_16.plc, 34.221879959106445, 29.551938772201538, 27.550731897354126, 28.564769506454468
201/i700_17.plc, 31.884573459625244, 34.738287687301636, 33.29078698158264, 34.31683683395386
201/i700_18.plc, 33.751500844955444, 33.9686439037323, 32.23847198486328, 31.845951318740845
201/i700_19.plc, 30.625943422317505, 29.476014375686646, 27.424598455429077, 28.389587879180908
201/i700_20.plc, 31.815741539001465, 33.58439350128174, 31.16286587715149, 32.18076014518738
201/Avg time, 35.47586686611176, 36.84166548252106, 34.95642893314361, 36.13323550224304
201/Med time, 33.41716718673706, 34.35346579551697, 32.69699192047119, 33.504897356033325
201/Max time, 57.530054330825806, 60.78550910949707, 59.12260985374451, 62.67938017845154
210/i700_1.plc, 39.04322075843811, 47.91247510910034, 45.87257647514343, 47.468764543533325
210/i700_2.plc, 52.3316535949707, 55.95089149475098, 51.44638442993164, 53.12435984611511
210/i700_3.plc, 44.60762047767639, 44.862929344177246, 41.7992000579834, 43.523940086364746
210/i700_4.plc, 35.1065137386322, 38.84894561767578, 37.128885984420776, 37.654950857162476
210/i700_5.plc, 34.93823289871216, 35.909478425979614, 33.69952630996704, 35.31602764129639
210/i700_6.plc, 32.18197464942932, 32.9767119884491, 31.965168952941895, 32.728909969329834
210/i700_7.plc, 33.74272012710571, 36.45979404449463, 34.03083419799805, 35.56767702102661
210/i700_8.plc, 31.24719214439392, 37.332860708236694, 36.475279808044434, 37.74236989021301
210/i700_9.plc, 33.34015345573425, 42.62901759147644, 40.56132197380066, 42.11725473403931
210/i700_10.plc, 29.846462965011597, 33.5051794052124, 31.543976068496704, 33.2006413936615
210/i700_11.plc, 59.8348867893219, 60.89167547225952, 61.5025794506073, 62.39741778373718
210/i700_12.plc, 32.704869985580444, 31.797882080078125, 29.411365509033203, 31.229417085647583
210/i700_13.plc, 31.634489059448242, 38.243332862854004, 36.152480125427246, 37.47674512863159
210/i700_14.plc, 32.70585036277771, 32.61090970039368, 31.36947751045227, 32.568835735321045
210/i700_15.plc, 30.516395807266235, 31.54155659675598, 29.289267778396606, 30.893102169036865
210/i700_16.plc, 31.827916145324707, 29.767525672912598, 27.790065050125122, 29.838220834732056
210/i700_17.plc, 33.72355008125305, 36.221046686172485, 33.12677025794983, 34.58164644241333
210/i700_18.plc, 29.3838529586792, 33.5125036239624, 31.977737426757812, 33.09279704093933
210/i700_19.plc, 30.73446297645569, 29.090015649795532, 27.676883220672607, 28.397834062576294
210/i700_20.plc, 36.53172755241394, 33.29779243469238, 31.732532024383545, 33.20510673522949
210/Avg time, 35.79918732643127, 38.1681262254715, 36.22761563062668, 37.606300950050354
210/Med time, 33.02300190925598, 36.06526255607605, 33.413148283958435, 34.94883704185486
210/Max time, 59.8348867893219, 60.89167547225952, 61.5025794506073, 62.39741778373718
211/i700_1.plc, 35.65915846824646, 39.75846576690674, 38.82338833808899, 40.053553342819214
211/i700_2.plc, 54.739184617996216, 51.137635231018066, 47.90480971336365, 49.727155923843384
211/i700_3.plc, 45.17444396018982, 44.8363823890686, 41.97495174407959, 43.607438802719116
211/i700_4.plc, 33.24176812171936, 31.438008785247803, 30.13291597366333, 31.105600595474243
211/i700_5.plc, 40.387736797332764, 35.01869821548462, 32.734456062316895, 34.41850280761719
211/i700_6.plc, 35.670701026916504, 34.00959014892578, 31.94501543045044, 32.718421936035156
211/i700_7.plc, 31.97098159790039, 36.31842303276062, 33.00689506530762, 34.37322640419006
211/i700_8.plc, 32.51985836029053, 37.119006872177124, 36.640503883361816, 37.39870738983154
211/i700_9.plc, 38.695369482040405, 43.94898056983948, 41.71540546417236, 43.04066610336304
211/i700_10.plc, 35.06056833267212, 33.736003398895264, 30.444896936416626, 32.16680717468262
211/i700_11.plc, 60.12083411216736, 62.15928339958191, 60.30721712112427, 61.201021909713745
211/i700_12.plc, 33.14959144592285, 32.63140082359314, 29.889612913131714, 31.61554193496704
211/i700_13.plc, 35.84676742553711, 37.63863253593445, 36.42591142654419, 37.66575050354004
211/i700_14.plc, 39.260592460632324, 33.03997611999512, 31.00619649887085, 32.457953691482544
211/i700_15.plc, 34.683536529541016, 38.38591003417969, 37.06958770751953, 38.14476990699768
211/i700_16.plc, 33.175015687942505, 29.592548608779907, 27.454845666885376, 29.275758266448975
211/i700_17.plc, 33.992695808410645, 35.963321924209595, 32.74961447715759, 34.68803572654724
211/i700_18.plc, 35.802517890930176, 33.730305433273315, 31.61922574043274, 32.82222580909729
211/i700_19.plc, 31.687126398086548, 29.392667293548584, 27.882052421569824, 28.65934729576111
211/i700_20.plc, 38.31703305244446, 33.1120707988739, 31.60957956314087, 33.48688745498657
211/Avg time, 37.95777407884598, 37.64836556911469, 35.56685410737991, 36.93136864900589
211/Med time, 35.66492974758148, 35.49101006984711, 32.742035269737244, 34.395864605903625
211/Max time, 60.12083411216736, 62.15928339958191, 60.30721712112427, 61.201021909713745
